食物种类,食物名,热量,食物详情页面链接
"谷薯芋、杂豆、主食
  ",Easy Fun 营养粉丝（香菇炖鸡),热量：357 大卡(每100克),http://www.boohee.com/shiwu/fda3bd99
"谷薯芋、杂豆、主食
  ",Easy Fun 营养粉丝（牛肉味噌味）,热量：363 大卡(每100克),http://www.boohee.com/shiwu/fdbd0231
"谷薯芋、杂豆、主食
  ",白粥,热量：46 大卡(每100毫升),http://www.boohee.com/shiwu/jingmizhou
"谷薯芋、杂豆、主食
  ",Easy Fun 营养粉丝（番茄鸡蛋),热量：348 大卡(每100克),http://www.boohee.com/shiwu/fd81135c
"谷薯芋、杂豆、主食
  ",Easy S 低脂黑椒牛肉饭,热量：169 大卡(每100克),http://www.boohee.com/shiwu/fda4fea7
"谷薯芋、杂豆、主食
  ",Easy S 法式南瓜汤,热量：313 大卡(每100克),http://www.boohee.com/shiwu/fdd10296
"谷薯芋、杂豆、主食
  ",Easy S 鸡肉松烤麦片,热量：455 大卡(每100克),http://www.boohee.com/shiwu/fda00b8c
"谷薯芋、杂豆、主食
  ",Easy Fun 低脂咖喱鸡饭,热量：179 大卡(每100克),http://www.boohee.com/shiwu/fd87825c
"谷薯芋、杂豆、主食
  ",Easy S 红枣黑米圈,热量：392 大卡(每100克),http://www.boohee.com/shiwu/fdd72323
"谷薯芋、杂豆、主食
  ",Easy Fun 抹茶红豆麦片,热量：381 大卡(每100克),http://www.boohee.com/shiwu/fd1f7c6f
"谷薯芋、杂豆、主食
  ",Easy S 蛋白棒（英式红茶味）,热量：424 大卡(每100克),http://www.boohee.com/shiwu/fdd00048
"谷薯芋、杂豆、主食
  ",Easy S 意式阿拉棒,热量：396 大卡(每100克),http://www.boohee.com/shiwu/fd7078a2
"谷薯芋、杂豆、主食
  ",Easy Fun 高蛋白微波蛋糕预拌粉（香浓可可味）,热量：389 大卡(每100克),http://www.boohee.com/shiwu/fd42eab7
"谷薯芋、杂豆、主食
  ",Easy Fun 红枣黑米圈（新包装）,热量：392 大卡(每100克),http://www.boohee.com/shiwu/fd5ad4f9
"谷薯芋、杂豆、主食
  ",Easy Fun 鸡肉松烤麦片,热量：455 大卡(每100克),http://www.boohee.com/shiwu/fdcdee28
"谷薯芋、杂豆、主食
  ",Easy Fun 山药紫薯圈,热量：391 大卡(每100克),http://www.boohee.com/shiwu/fd3ce3a1
"谷薯芋、杂豆、主食
  ",稀饭,热量：59 大卡(每100毫升),http://www.boohee.com/shiwu/xianmizhou
"谷薯芋、杂豆、主食
  ",玉米（鲜）,热量：112 大卡(每100克),http://www.boohee.com/shiwu/yumi_xian
"谷薯芋、杂豆、主食
  ",燕麦片,热量：338 大卡(每100克),http://www.boohee.com/shiwu/yanmaipian
"谷薯芋、杂豆、主食
  ",面条（生）,热量：301 大卡(每100克),http://www.boohee.com/shiwu/miantiao_junzhi
"谷薯芋、杂豆、主食
  ",面条（煮）,热量：110 大卡(每100克),http://www.boohee.com/shiwu/miantiao_fuqiangfen_zhu
"谷薯芋、杂豆、主食
  ",籼米粉,热量：356 大卡(每100克),http://www.boohee.com/shiwu/xianmifen
"谷薯芋、杂豆、主食
  ",面包,热量：313 大卡(每100克),http://www.boohee.com/shiwu/mianbao_junzhi
"谷薯芋、杂豆、主食
  ",红薯,热量：61 大卡(每100克),http://www.boohee.com/shiwu/ganshu_hongxin
"谷薯芋、杂豆、主食
  ",小米粥,热量：46 大卡(每100毫升),http://www.boohee.com/shiwu/xiaomizhou
"谷薯芋、杂豆、主食
  ",马铃薯,热量：81 大卡(每100克),http://www.boohee.com/shiwu/malingshu
"谷薯芋、杂豆、主食
  ",包子（猪肉馅）,热量：227 大卡(每100克),http://www.boohee.com/shiwu/baozi_zhurouxian
"谷薯芋、杂豆、主食
  ",米饭,热量：116 大卡(每100克),http://www.boohee.com/shiwu/mifan_zheng
"谷薯芋、杂豆、主食
  ",Easy Fun 高纤奇亚籽苏打饼干,热量：436 大卡(每100克),http://www.boohee.com/shiwu/fd47b857
"谷薯芋、杂豆、主食
  ",白薯,热量：106 大卡(每100克),http://www.boohee.com/shiwu/ganshu_baixin
"谷薯芋、杂豆、主食
  ",大米,热量：346 大卡(每100克),http://www.boohee.com/shiwu/daomi_junzhi
"谷薯芋、杂豆、主食
  ",全麦面包,热量：246 大卡(每100克),http://www.boohee.com/shiwu/maipeimianbao
"谷薯芋、杂豆、主食
  ",烙饼,热量：259 大卡(每100克),http://www.boohee.com/shiwu/laobing_biaozhunfen
"谷薯芋、杂豆、主食
  ",花卷,热量：214 大卡(每100克),http://www.boohee.com/shiwu/huajuan
"谷薯芋、杂豆、主食
  ",油条,热量：388 大卡(每100克),http://www.boohee.com/shiwu/youtiao
"谷薯芋、杂豆、主食
  ",曼可顿全麦高纤维面包,热量：221 大卡(每100克),http://www.boohee.com/shiwu/mankedunquanmaigaoxianweimianbao2
"谷薯芋、杂豆、主食
  ",嘉顿 生命面包 450g,热量：284 大卡(每100克),http://www.boohee.com/shiwu/shengmingmaibaopaiquanmaiqiepianmianbao
"谷薯芋、杂豆、主食
  ",包子（三鲜馅）,热量：223 大卡(每100克),http://www.boohee.com/shiwu/baozi_sanxianxian
"谷薯芋、杂豆、主食
  ",馒头,热量：223 大卡(每100克),http://www.boohee.com/shiwu/mantou_junzhi
"谷薯芋、杂豆、主食
  ",油饼,热量：403 大卡(每100克),http://www.boohee.com/shiwu/youbing
"谷薯芋、杂豆、主食
  ",Easy Fun 低脂全麦面包,热量：259 大卡(每100克),http://www.boohee.com/shiwu/fd6ac35c
"谷薯芋、杂豆、主食
  ",Easy Fun 紫薯营养粥,热量：319 大卡(每100毫升),http://www.boohee.com/shiwu/fde8f0ff
"谷薯芋、杂豆、主食
  ",单层汉堡（夹肉饼，加调料酱和蔬菜）,热量：256 大卡(每100克),http://www.boohee.com/shiwu/hanbaobao_putongxing_jiaroubing_jiadiaoliaojiangheshucai
"谷薯芋、杂豆、主食
  ",紫薯,热量：106 大卡(每100克),http://www.boohee.com/shiwu/zishu
"谷薯芋、杂豆、主食
  ",米粉（干）,热量：349 大卡(每100克),http://www.boohee.com/shiwu/mifen
"谷薯芋、杂豆、主食
  ",Easy Fun 鹰嘴豆,热量：162 大卡(每100克),http://www.boohee.com/shiwu/fdb36ec1
"谷薯芋、杂豆、主食
  ",Easy Fun 姜汁薄脆,热量：446 大卡(每100克),http://www.boohee.com/shiwu/fd5320fd
"谷薯芋、杂豆、主食
  ",Easy Ace 营养可可,热量：356 大卡(每100克),http://www.boohee.com/shiwu/fd361aa5
"谷薯芋、杂豆、主食
  ",Easy Fun 奇亚籽豆乳味威化,热量：471 大卡(每100克),http://www.boohee.com/shiwu/fdc6c56a
"谷薯芋、杂豆、主食
  ",Easy Fun 奇亚籽（新包装）,热量：456 大卡(每100克),http://www.boohee.com/shiwu/fdad1c67
"谷薯芋、杂豆、主食
  ",麦当劳 双层吉士汉堡,热量：288 大卡(每100克),http://www.boohee.com/shiwu/maidanglaoshuangcengjishihanbao
"谷薯芋、杂豆、主食
  ",椰圈面包,热量：320 大卡(每100克),http://www.boohee.com/shiwu/yequanmianbao
"谷薯芋、杂豆、主食
  ",三明治（夹鸡蛋、干酪）,热量：234 大卡(每100克),http://www.boohee.com/shiwu/sanmingzhi_jiahuotui_jidan
"谷薯芋、杂豆、主食
  ",私房小厨苡仁粉,热量：449 大卡(每100克),http://www.boohee.com/shiwu/sifangxiaochuyirenfen
"谷薯芋、杂豆、主食
  ",麦当劳 麦辣鸡腿汉堡,热量：320 大卡(每100克),http://www.boohee.com/shiwu/maidanglaomailajituihanbao
"谷薯芋、杂豆、主食
  ",思念 奶香馒头,热量：268 大卡(每100克),http://www.boohee.com/shiwu/siniannaixiangmantou
"谷薯芋、杂豆、主食
  ",麦当劳 培根蔬萃双层牛堡,热量：202 大卡(每100克),http://www.boohee.com/shiwu/maidanglaoxianshuzuzunniubao
"谷薯芋、杂豆、主食
  ",三明治（夹火腿、干酪）,热量：244 大卡(每100克),http://www.boohee.com/shiwu/sanmingzhi_jiahuotui_ganlao
"谷薯芋、杂豆、主食
  ",麦当劳 巨无霸汉堡,热量：249 大卡(每100克),http://www.boohee.com/shiwu/maidanglaojuwubahanbao
"谷薯芋、杂豆、主食
  ",麦当劳 原味板烧鸡腿堡,热量：236 大卡(每100克),http://www.boohee.com/shiwu/maidanglaoyuanweibanshaojituibao
"谷薯芋、杂豆、主食
  ",Easy Fun 营养粉丝（酸辣汤),热量：347 大卡(每100克),http://www.boohee.com/shiwu/fde5ae8a
"谷薯芋、杂豆、主食
  ",Easy Fun 益生菌谷谷巧克力球,热量：544 大卡(每100克),http://www.boohee.com/shiwu/fd329edf
"谷薯芋、杂豆、主食
  ",Easy Fan 番茄牛肉轻火锅,热量：94 大卡(每100克),http://www.boohee.com/shiwu/fd71a539
"谷薯芋、杂豆、主食
  ",Easy Fun 可可低脂脆,热量：388 大卡(每100克),http://www.boohee.com/shiwu/fd32f44d
"谷薯芋、杂豆、主食
  ",Easy Fun 蛋白棒（英式红茶味）,热量：390 大卡(每100克),http://www.boohee.com/shiwu/fd49707d
"谷薯芋、杂豆、主食
  ",Easy Fun 蛋白棒（香浓可可味）,热量：396 大卡(每100克),http://www.boohee.com/shiwu/fd8d2aa8
"谷薯芋、杂豆、主食
  ",Easy Fun 榴莲果果麦片,热量：441 大卡(每100克),http://www.boohee.com/shiwu/fdc41987
"谷薯芋、杂豆、主食
  ",黄油面包,热量：331 大卡(每100克),http://www.boohee.com/shiwu/huangyoumianbao
"谷薯芋、杂豆、主食
  ",方便面,热量：473 大卡(每100克),http://www.boohee.com/shiwu/fangbianmian
"谷薯芋、杂豆、主食
  ",果料面包,热量：279 大卡(每100克),http://www.boohee.com/shiwu/guoliaomianbao
"谷薯芋、杂豆、主食
  ",牛角面包,热量：378 大卡(每100克),http://www.boohee.com/shiwu/fashiniujiaomianbao
"谷薯芋、杂豆、主食
  ",红烧牛肉方便面（面饼+调味料+蔬菜+肉酱）,热量：447 大卡(每100克),http://www.boohee.com/shiwu/hongshaoniuroufangbianmian_mianbingdiaoweiliaoshucairoujiang
"谷薯芋、杂豆、主食
  ",双层奶酪汉堡（夹奶酪，双层肉饼、双层面包，加调料酱和蔬菜）,热量：285 大卡(每100克),http://www.boohee.com/shiwu/ganlaohanbaobao_putongxing_jianailao_shuangcengroubing_shuangcengmianbao_jiadiao
"谷薯芋、杂豆、主食
  ",山药,热量：57 大卡(每100克),http://www.boohee.com/shiwu/shanyao
"谷薯芋、杂豆、主食
  ",炒饭,热量：188 大卡(每100克),http://www.boohee.com/shiwu/shijinchaofan
"谷薯芋、杂豆、主食
  ",芋头,热量：56 大卡(每100克),http://www.boohee.com/shiwu/yutou
"谷薯芋、杂豆、主食
  ",葡萄干面包,热量：260 大卡(每100克),http://www.boohee.com/shiwu/putaoganmianbao
"谷薯芋、杂豆、主食
  ",咸面包,热量：275 大卡(每100克),http://www.boohee.com/shiwu/xianmianbao
"谷薯芋、杂豆、主食
  ",黑芝麻汤圆,热量：311 大卡(每100克),http://www.boohee.com/shiwu/heizhimatangyuan
"谷薯芋、杂豆、主食
  ",黑米,热量：341 大卡(每100克),http://www.boohee.com/shiwu/heimi
"谷薯芋、杂豆、主食
  ",煮芋头,热量：60 大卡(每100克),http://www.boohee.com/shiwu/yutou_zhu
"谷薯芋、杂豆、主食
  ",多维面包,热量：316 大卡(每100克),http://www.boohee.com/shiwu/duoweimianbao
"谷薯芋、杂豆、主食
  ",小麦粉(标准粉),热量：362 大卡(每100克),http://www.boohee.com/shiwu/xiaomaifen_biaozhunfen
"谷薯芋、杂豆、主食
  ",澳洲燕麦片,热量：359 大卡(每100克),http://www.boohee.com/shiwu/aozhouyanmaipian
"谷薯芋、杂豆、主食
  ",玉米面(黄),热量：350 大卡(每100克),http://www.boohee.com/shiwu/yumimian_huang
"谷薯芋、杂豆、主食
  ",挂面,热量：353 大卡(每100克),http://www.boohee.com/shiwu/guamian_junzhi
"谷薯芋、杂豆、主食
  ",粉条（干）,热量：338 大卡(每100克),http://www.boohee.com/shiwu/fentiao
"谷薯芋、杂豆、主食
  ",麦当劳 汉堡包,热量：262 大卡(每100克),http://www.boohee.com/shiwu/fd46d808
"谷薯芋、杂豆、主食
  ",麦当劳 吉士汉堡包,热量：255 大卡(每100克),http://www.boohee.com/shiwu/maidanglaojishihanbao
"谷薯芋、杂豆、主食
  ",魔芋精粉,热量：186 大卡(每100克),http://www.boohee.com/shiwu/moyujingfen
"谷薯芋、杂豆、主食
  ",红豆,热量：324 大卡(每100克),http://www.boohee.com/shiwu/chixiaodou
"谷薯芋、杂豆、主食
  ",餐包,热量：284 大卡(每100克),http://www.boohee.com/shiwu/fashipeicanmianbao
"谷薯芋、杂豆、主食
  ",烧饼(加糖),热量：298 大卡(每100克),http://www.boohee.com/shiwu/shaobing_jiatang
"谷薯芋、杂豆、主食
  ",绿豆（干）,热量：329 大卡(每100克),http://www.boohee.com/shiwu/lvdou
"谷薯芋、杂豆、主食
  ",薏米,热量：361 大卡(每100克),http://www.boohee.com/shiwu/yimi
"谷薯芋、杂豆、主食
  ",粉丝（干）,热量：338 大卡(每100克),http://www.boohee.com/shiwu/fensi
"谷薯芋、杂豆、主食
  ",面条(标准粉，切面),热量：283 大卡(每100克),http://www.boohee.com/shiwu/miantiao_biaozhunfen_qiemian
"谷薯芋、杂豆、主食
  ",麦维面包,热量：270 大卡(每100克),http://www.boohee.com/shiwu/maiweimianbao
"谷薯芋、杂豆、主食
  ",蒙尔司 年糕（低糖桂花年糕）,热量：156 大卡(每100克),http://www.boohee.com/shiwu/niangao
"谷薯芋、杂豆、主食
  ",麦片,热量：368 大卡(每100克),http://www.boohee.com/shiwu/maipian
"蛋类、肉类及制品
  ",Easy Fun 高蛋白小酥鱼（藤椒味）,热量：351 大卡(每100克),http://www.boohee.com/shiwu/fdc19ab3
"蛋类、肉类及制品
  ",鸡蛋,热量：144 大卡(每100克),http://www.boohee.com/shiwu/jidan_junzhi
"蛋类、肉类及制品
  ",Easy Fun 低脂鸡胸肉肠（香辣味）,热量：136 大卡(每100克),http://www.boohee.com/shiwu/fd7a0fa9
"蛋类、肉类及制品
  ",Easy Fun 鸡胸肉丝（原味）,热量：418 大卡(每100克),http://www.boohee.com/shiwu/fda82c33
"蛋类、肉类及制品
  ",Easy Fun 低脂鸡胸肉（黑椒味）,热量：134 大卡(每100克),http://www.boohee.com/shiwu/fd1c845f
"蛋类、肉类及制品
  ",Easy Fun 低脂鸡胸肉（香辣味）,热量：130 大卡(每100克),http://www.boohee.com/shiwu/fd4a70b4
"蛋类、肉类及制品
  ",Easy Fun 低脂鸡肉丸（原味）,热量：93 大卡(每100克),http://www.boohee.com/shiwu/fd4e5f89
"蛋类、肉类及制品
  ",Easy S 低脂牛肉小方（五香味）,热量：165 大卡(每100克),http://www.boohee.com/shiwu/fd01a3cf
"蛋类、肉类及制品
  ",Easy S 低脂鸡蛋干（五香味）,热量：124 大卡(每100克),http://www.boohee.com/shiwu/fd31e13e
"蛋类、肉类及制品
  ",Easy S 低脂鸡胸肉（香辣味）,热量：130 大卡(每100克),http://www.boohee.com/shiwu/fd56d800
"蛋类、肉类及制品
  ",猪肉（瘦）,热量：143 大卡(每100克),http://www.boohee.com/shiwu/zhurou_shou
"蛋类、肉类及制品
  ",水煮蛋,热量：151 大卡(每100克),http://www.boohee.com/shiwu/jidan_zhu
"蛋类、肉类及制品
  ",鸡蛋白（鸡蛋清）,热量：60 大卡(每100克),http://www.boohee.com/shiwu/jidanbai_jidanqing
"蛋类、肉类及制品
  ",火腿肠,热量：212 大卡(每100克),http://www.boohee.com/shiwu/huotuichang
"蛋类、肉类及制品
  ",鸡胸脯肉,热量：133 大卡(每100克),http://www.boohee.com/shiwu/jixiongfurou
"蛋类、肉类及制品
  ",荷包蛋（油煎）,热量：195 大卡(每100克),http://www.boohee.com/shiwu/hebaodan_youjian
"蛋类、肉类及制品
  ",咸鸭蛋,热量：190 大卡(每100克),http://www.boohee.com/shiwu/xianyadan
"蛋类、肉类及制品
  ",猪肉(肥瘦),热量：395 大卡(每100克),http://www.boohee.com/shiwu/zhurou_feishou
"蛋类、肉类及制品
  ",瓦罐鸡汤（含料）,热量：190 大卡(每100克),http://www.boohee.com/shiwu/waguanjitang_rou
"蛋类、肉类及制品
  ",瓦罐鸡汤（无料）,热量：27 大卡(每100克),http://www.boohee.com/shiwu/waguanjitang_tang
"蛋类、肉类及制品
  ",Easy Fun 低脂蛋清鸡肉饼（原味）,热量：139 大卡(每100克),http://www.boohee.com/shiwu/fda126a3
"蛋类、肉类及制品
  ",Easy Fun 低脂鸡胸肉肠（黑椒味）,热量：122 大卡(每100克),http://www.boohee.com/shiwu/fd988b08
"蛋类、肉类及制品
  ",草鱼,热量：113 大卡(每100克),http://www.boohee.com/shiwu/caoyu
"蛋类、肉类及制品
  ",鸡蛋(土鸡),热量：138 大卡(每100克),http://www.boohee.com/shiwu/jidan_tuji
"蛋类、肉类及制品
  ",鸡蛋（白皮）,热量：138 大卡(每100克),http://www.boohee.com/shiwu/jidan_baipi
"蛋类、肉类及制品
  ",鸡蛋(红皮),热量：156 大卡(每100克),http://www.boohee.com/shiwu/jidan_hongpi
"蛋类、肉类及制品
  ",鸡腿,热量：181 大卡(每100克),http://www.boohee.com/shiwu/jitui
"蛋类、肉类及制品
  ",酱牛肉,热量：246 大卡(每100克),http://www.boohee.com/shiwu/jiangniurou
"蛋类、肉类及制品
  ",鱼丸,热量：107 大卡(每100克),http://www.boohee.com/shiwu/yuwan
"蛋类、肉类及制品
  ",香肠,热量：508 大卡(每100克),http://www.boohee.com/shiwu/xiangchang
"蛋类、肉类及制品
  ",猪小排（良杂猪）,热量：351 大卡(每100克),http://www.boohee.com/shiwu/zhuxiaopai_liangzazhu
"蛋类、肉类及制品
  ",松花蛋(鸡蛋),热量：178 大卡(每100克),http://www.boohee.com/shiwu/songhuadan_jidan
"蛋类、肉类及制品
  ",猪肉(奶脯),热量：349 大卡(每100克),http://www.boohee.com/shiwu/zhurou_naifu
"蛋类、肉类及制品
  ",猪大排,热量：264 大卡(每100克),http://www.boohee.com/shiwu/zhudapai
"蛋类、肉类及制品
  ",牛肉(肥瘦),热量：125 大卡(每100克),http://www.boohee.com/shiwu/niurou_feishou
"蛋类、肉类及制品
  ",牛肉(里脊),热量：107 大卡(每100克),http://www.boohee.com/shiwu/niurou_liji
"蛋类、肉类及制品
  ",Easy Fun 低脂鸡胸肉肠,热量：142 大卡(每100克),http://www.boohee.com/shiwu/fdb9c7b6
"蛋类、肉类及制品
  ",松花蛋(鸭蛋),热量：171 大卡(每100克),http://www.boohee.com/shiwu/songhuadan_yadan
"蛋类、肉类及制品
  ",Easy Fun 低脂鸡蛋干（五香味）,热量：145 大卡(每100克),http://www.boohee.com/shiwu/fdebfdd6
"蛋类、肉类及制品
  ",Easy Fun 低脂鸡蛋干（山椒味）,热量：125 大卡(每100克),http://www.boohee.com/shiwu/fd4a994d
"蛋类、肉类及制品
  ",Easy Fun 高蛋白小酥鱼（海苔味）,热量：305 大卡(每100克),http://www.boohee.com/shiwu/fde9dde4
"蛋类、肉类及制品
  ",Easy S 低脂鸡胸肉（黑椒味）,热量：134 大卡(每100克),http://www.boohee.com/shiwu/fd49a7d1
"蛋类、肉类及制品
  ",Easy Fun 低脂鸡胸肉肠（原味）,热量：131 大卡(每100克),http://www.boohee.com/shiwu/fd041822
"蛋类、肉类及制品
  ",猪小排,热量：278 大卡(每100克),http://www.boohee.com/shiwu/zhuxiaopai
"蛋类、肉类及制品
  ",鸡（土鸡，家养),热量：124 大卡(每100克),http://www.boohee.com/shiwu/ji_tuji_jiayang
"蛋类、肉类及制品
  ",鸡（母鸡，一年内）,热量：256 大卡(每100克),http://www.boohee.com/shiwu/muji_yiniannei
"蛋类、肉类及制品
  ",鸡（肉鸡，肥）,热量：389 大卡(每100克),http://www.boohee.com/shiwu/rouji_fei
"蛋类、肉类及制品
  ",鸭肉,热量：240 大卡(每100克),http://www.boohee.com/shiwu/ya_junzhi
"蛋类、肉类及制品
  ",猪蹄,热量：260 大卡(每100克),http://www.boohee.com/shiwu/zhuti
"蛋类、肉类及制品
  ",螃蟹（河蟹）,热量：103 大卡(每100克),http://www.boohee.com/shiwu/hexie
"蛋类、肉类及制品
  ",黄鱼(小黄花鱼),热量：99 大卡(每100克),http://www.boohee.com/shiwu/huangyu_xiaohuanghuayu
"蛋类、肉类及制品
  ",青鱼,热量：118 大卡(每100克),http://www.boohee.com/shiwu/qingyu
"蛋类、肉类及制品
  ",鸭蛋,热量：180 大卡(每100克),http://www.boohee.com/shiwu/yadan
"蛋类、肉类及制品
  ",猪肉松,热量：396 大卡(每100克),http://www.boohee.com/shiwu/zhurousong_junzhi
"蛋类、肉类及制品
  ",猪肉(里脊),热量：155 大卡(每100克),http://www.boohee.com/shiwu/zhurou_liji
"蛋类、肉类及制品
  ",麦当劳 麦香鱼,热量：253 大卡(每100克),http://www.boohee.com/shiwu/maidanglaomaixiangyu
"蛋类、肉类及制品
  ",猪血,热量：55 大卡(每100克),http://www.boohee.com/shiwu/zhuxue
"蛋类、肉类及制品
  ",虾仁（红）,热量：48 大卡(每100克),http://www.boohee.com/shiwu/xiaren_hong
"蛋类、肉类及制品
  ",猪肉(肋条肉),热量：568 大卡(每100克),http://www.boohee.com/shiwu/zhurou_leitiaorou
"蛋类、肉类及制品
  ",虾皮,热量：153 大卡(每100克),http://www.boohee.com/shiwu/xiapi
"蛋类、肉类及制品
  ",鲤鱼,热量：109 大卡(每100克),http://www.boohee.com/shiwu/liyu
"蛋类、肉类及制品
  ",明虾,热量：85 大卡(每100克),http://www.boohee.com/shiwu/mingxia
"蛋类、肉类及制品
  ",北京烤鸭,热量：436 大卡(每100克),http://www.boohee.com/shiwu/beijingkaoya
"蛋类、肉类及制品
  ",鱼片干,热量：303 大卡(每100克),http://www.boohee.com/shiwu/yupiangan
"蛋类、肉类及制品
  ",鸡爪,热量：254 大卡(每100克),http://www.boohee.com/shiwu/jizhua
"蛋类、肉类及制品
  ",鸡蛋黄,热量：328 大卡(每100克),http://www.boohee.com/shiwu/jidanhuang
"蛋类、肉类及制品
  ",无油煎蛋,热量：164 大卡(每100克),http://www.boohee.com/shiwu/hebaodan_zhu
"蛋类、肉类及制品
  ",叉烧肉,热量：279 大卡(每100克),http://www.boohee.com/shiwu/chashaorou
"蛋类、肉类及制品
  ",广东香肠,热量：433 大卡(每100克),http://www.boohee.com/shiwu/guangdongxiangchang
"蛋类、肉类及制品
  ",肯德基 新奥尔良烤翅,热量：240 大卡(每100克),http://www.boohee.com/shiwu/xinaoerliangjichi_kendeji
"蛋类、肉类及制品
  ",脆皮肠,热量：302 大卡(每100克),http://www.boohee.com/shiwu/cuipichang
"蛋类、肉类及制品
  ",酱鸭,热量：266 大卡(每100克),http://www.boohee.com/shiwu/jiangya
"蛋类、肉类及制品
  ",河虾,热量：87 大卡(每100克),http://www.boohee.com/shiwu/hexia
"蛋类、肉类及制品
  ",鸭翅,热量：146 大卡(每100克),http://www.boohee.com/shiwu/yachi
"蛋类、肉类及制品
  ",培根（熏肉）,热量：181 大卡(每100克),http://www.boohee.com/shiwu/larou_peigen
"蛋类、肉类及制品
  ",麦当劳 麦乐鸡,热量：281 大卡(每100克),http://www.boohee.com/shiwu/maidanglaohimaileji_5kuaizhuan
"蛋类、肉类及制品
  ",虾米,热量：198 大卡(每100克),http://www.boohee.com/shiwu/xiami
"蛋类、肉类及制品
  ",麦当劳 香骨鸡腿,热量：217 大卡(每100克),http://www.boohee.com/shiwu/fdc11eae
"蛋类、肉类及制品
  ",麦当劳 麦辣鸡翅,热量：210 大卡(每100克),http://www.boohee.com/shiwu/mailajichi4kuai_maidanglao
"蛋类、肉类及制品
  ",麦当劳 那么大鸡小块,热量：257 大卡(每100克),http://www.boohee.com/shiwu/fd710c89
"蛋类、肉类及制品
  ",牛肉（瘦）,热量：106 大卡(每100克),http://www.boohee.com/shiwu/niurou_shou
"蛋类、肉类及制品
  ",肯德基 吮指原味鸡,热量：346 大卡(每100克),http://www.boohee.com/shiwu/kendejishunzhiyuanweiji
"蛋类、肉类及制品
  ",鲫鱼,热量：108 大卡(每100克),http://www.boohee.com/shiwu/jiyu
"蛋类、肉类及制品
  ",火腿,热量：330 大卡(每100克),http://www.boohee.com/shiwu/huotui
"蛋类、肉类及制品
  ",牛肉干,热量：550 大卡(每100克),http://www.boohee.com/shiwu/niurougan
"蛋类、肉类及制品
  ",咸鸭蛋（煮）,热量：177 大卡(每100克),http://www.boohee.com/shiwu/xianyadan_zhu
"蛋类、肉类及制品
  ",鸡翅,热量：194 大卡(每100克),http://www.boohee.com/shiwu/jichi
"蛋类、肉类及制品
  ",烤鸡,热量：240 大卡(每100克),http://www.boohee.com/shiwu/kaoji
"蛋类、肉类及制品
  ",热狗肠,热量：307 大卡(每100克),http://www.boohee.com/shiwu/regouchang
"蛋类、肉类及制品
  ",鹌鹑蛋,热量：160 大卡(每100克),http://www.boohee.com/shiwu/anchundan
"蛋类、肉类及制品
  ",羊肉串(烤),热量：206 大卡(每100克),http://www.boohee.com/shiwu/yangrouchuan_kao
"蛋类、肉类及制品
  ",基围虾,热量：101 大卡(每100克),http://www.boohee.com/shiwu/jiweixia
"蛋类、肉类及制品
  ",猪肝,热量：129 大卡(每100克),http://www.boohee.com/shiwu/zhugan
"蛋类、肉类及制品
  ",鸭胸脯肉,热量：90 大卡(每100克),http://www.boohee.com/shiwu/yaxiongfurou
"蛋类、肉类及制品
  ",虾虎,热量：81 大卡(每100克),http://www.boohee.com/shiwu/xiahu
"蛋类、肉类及制品
  ",羊肉(肥瘦),热量：203 大卡(每100克),http://www.boohee.com/shiwu/yangrou_feishou
"蛋类、肉类及制品
  ",墨鱼丸,热量：128 大卡(每100克),http://www.boohee.com/shiwu/moyuwan
"蛋类、肉类及制品
  ",鱿鱼(水浸),热量：75 大卡(每100克),http://www.boohee.com/shiwu/youyu_shuijin
"蛋类、肉类及制品
  ",黄鱼(大黄花鱼),热量：97 大卡(每100克),http://www.boohee.com/shiwu/huangyu_dahuanghuayu
"蛋类、肉类及制品
  ",带鱼,热量：127 大卡(每100克),http://www.boohee.com/shiwu/daiyu
"奶类及制品
  ",牛奶（完达山牌）,热量：60 大卡(每100毫升),http://www.boohee.com/shiwu/niuru_wandashanpai
"奶类及制品
  ",蒙牛 冠益乳特品酸牛奶（原味）,热量：85 大卡(每100毫升),http://www.boohee.com/shiwu/mengniuguanyirutepinsuanniunaiyuanwei
"奶类及制品
  ",全脂加糖奶粉,热量：490 大卡(每100克),http://www.boohee.com/shiwu/quanzhijiatangnaifen
"奶类及制品
  ",蒙牛 酸牛奶（草莓味）罐装950ml（盒装）,热量：85 大卡(每100毫升),http://www.boohee.com/shiwu/mengniucaomeiweisuanniunai
"奶类及制品
  ",雀巢 高纤高钙奶粉,热量：428 大卡(每100克),http://www.boohee.com/shiwu/quechaopaigaoxiangaogainaifen
"奶类及制品
  ",味全优酪乳（原味）,热量：88 大卡(每100毫升),http://www.boohee.com/shiwu/weiquanyoulaoru_yuanwei
"奶类及制品
  ",蒙牛冠益乳特品酸牛奶木糖醇味,热量：63 大卡(每100毫升),http://www.boohee.com/shiwu/mengniuguanyirutepinsuanniunaimutangchunwei
"奶类及制品
  ",伊利优品嘉人优酪乳・酸牛奶[焕颜蓝莓],热量：78 大卡(每100毫升),http://www.boohee.com/shiwu/yiliyoulaoru_youpinjiaren_huanyanlanmei
"奶类及制品
  ",低脂奶粉,热量：423 大卡(每100克),http://www.boohee.com/shiwu/dizhinaifen_gaogaigaotie_yilipai
"奶类及制品
  ",伊利 畅轻酸奶（黄桃果粒）瓶装580g,热量：103 大卡(每100毫升),http://www.boohee.com/shiwu/yilichangqingsuannaihuangtaoguoli
"奶类及制品
  ",光明 优倍 0乳糖 巴士杀菌调制乳,热量：67 大卡(每100毫升),http://www.boohee.com/shiwu/fdb14fc7
"奶类及制品
  ",光明 致优 全鲜乳,热量：63 大卡(每100毫升),http://www.boohee.com/shiwu/fdb47466
"奶类及制品
  ",光明 0脂肪 鲜牛奶,热量：32 大卡(每100毫升),http://www.boohee.com/shiwu/fd458bc8
"奶类及制品
  ",牛奶(强化VA，VD),热量：51 大卡(每100毫升),http://www.boohee.com/shiwu/niuru_qianghuaVA_VD
"奶类及制品
  ",光明 低脂牛奶,热量：43 大卡(每100毫升),http://www.boohee.com/shiwu/guangmingdizhiniunai
"奶类及制品
  ",蒙牛 木糖醇酸牛奶,热量：63 大卡(每100毫升),http://www.boohee.com/shiwu/mengniusuanniunaimutangchun
"奶类及制品
  ",低脂奶酪,热量：241 大卡(每100克),http://www.boohee.com/shiwu/dizhinailao
"奶类及制品
  ",伊利 无蔗糖酸牛奶（利乐包）150g,热量：52 大卡(每100毫升),http://www.boohee.com/shiwu/yiliwuzhetangsuanniunai
"奶类及制品
  ",蒙牛 酸牛奶（草莓+树莓）100g （小盒装）,热量：92 大卡(每100毫升),http://www.boohee.com/shiwu/mengniusuanniunai_caomeishumeiguoli
"奶类及制品
  ",光明减脂90%脱脂鲜牛奶,热量：32 大卡(每100毫升),http://www.boohee.com/shiwu/guangmingjianzhi90tuozhixianniunai
"奶类及制品
  ",酸奶,热量：72 大卡(每100毫升),http://www.boohee.com/shiwu/suannai_junzhi
"奶类及制品
  ",牛奶,热量：54 大卡(每100毫升),http://www.boohee.com/shiwu/niuru_junzhi
"奶类及制品
  ",无糖全脂拿铁,热量：44 大卡(每100毫升),http://www.boohee.com/shiwu/fdbb1893
"奶类及制品
  ",奶酪,热量：328 大卡(每100克),http://www.boohee.com/shiwu/nailao
"奶类及制品
  ",酸奶（中脂）,热量：64 大卡(每100毫升),http://www.boohee.com/shiwu/suannai_zhongzhi
"奶类及制品
  ",脱脂奶粉,热量：356 大卡(每100克),http://www.boohee.com/shiwu/tuozhinaifen
"奶类及制品
  ",酸奶（调味）,热量：88 大卡(每100毫升),http://www.boohee.com/shiwu/suannai_diaowei
"奶类及制品
  ",酸奶(果料),热量：67 大卡(每100毫升),http://www.boohee.com/shiwu/suannai_guoliao
"奶类及制品
  ",酸奶（果粒）,热量：97 大卡(每100毫升),http://www.boohee.com/shiwu/suannai_guoli
"奶类及制品
  ",蒙牛 高钙牛奶,热量：59 大卡(每100毫升),http://www.boohee.com/shiwu/mengniugaogainiunai
"奶类及制品
  ",伊利优品嘉人优酪乳（原味）,热量：73 大卡(每100克),http://www.boohee.com/shiwu/yiliyoupinjiarenyoulaoru_yuanwei
"奶类及制品
  ",光明畅优红枣燕麦低脂酸奶,热量：69 大卡(每100毫升),http://www.boohee.com/shiwu/guangmingchangyouhongzaoyanmaidizhisuannai
"奶类及制品
  ",光明 芦荟酸奶,热量：87 大卡(每100毫升),http://www.boohee.com/shiwu/guangmingluhuisuannai
"奶类及制品
  ",伊利酸牛奶(原味),热量：87 大卡(每100毫升),http://www.boohee.com/shiwu/yilisuanniunai
"奶类及制品
  ",全脂速溶奶粉,热量：466 大卡(每100克),http://www.boohee.com/shiwu/quanzhisurongnaifen
"奶类及制品
  ",雀巢 高钙高铁奶粉,热量：416 大卡(每100克),http://www.boohee.com/shiwu/quechaogaogaigaotienaifen
"奶类及制品
  ",伊利 大果粒酸牛奶（红茶+草莓+椰果）,热量：92 大卡(每100毫升),http://www.boohee.com/shiwu/yilidaguolisuanniunai
"奶类及制品
  ",奶酪（光明牌）,热量：348 大卡(每100克),http://www.boohee.com/shiwu/nailao_guangmingpai
"奶类及制品
  ",伊利 优品嘉人优酪乳酸牛奶,热量：78 大卡(每100毫升),http://www.boohee.com/shiwu/yiliyoupinjiarenyoulaoru
"奶类及制品
  ",光明优＋高品质牛奶(利乐枕）,热量：62 大卡(每100毫升),http://www.boohee.com/shiwu/guangmingyouhigaopinzhiniunai
"奶类及制品
  ",脱脂牛奶,热量：33 大卡(每100毫升),http://www.boohee.com/shiwu/niuru_tuozhi_pamalate
"奶类及制品
  ",光明 e+益生菌酸牛奶（原味）220ml （袋装）,热量：45 大卡(每100毫升),http://www.boohee.com/shiwu/guangmingeyishengjunsuanniunai_yuanwei
"奶类及制品
  ",低脂牛奶,热量：43 大卡(每100毫升),http://www.boohee.com/shiwu/niuru_bufentuozhi_pamalate
"奶类及制品
  ",早餐奶,热量：68 大卡(每100毫升),http://www.boohee.com/shiwu/zaocannai
"奶类及制品
  ",酸奶（高蛋白）,热量：62 大卡(每100毫升),http://www.boohee.com/shiwu/suannai_gaodanbai
"奶类及制品
  ",奶片,热量：472 大卡(每100克),http://www.boohee.com/shiwu/naipian
"奶类及制品
  ",全脂牛奶粉,热量：478 大卡(每100克),http://www.boohee.com/shiwu/quanzhiniunaifen
"奶类及制品
  ",光明 纯牛奶,热量：66 大卡(每100毫升),http://www.boohee.com/shiwu/fded1a79
"奶类及制品
  ",光明 优倍 高品质鲜牛奶,热量：65 大卡(每100毫升),http://www.boohee.com/shiwu/fd962a6c
"奶类及制品
  ",光明 优倍 0脂肪 高品质脱脂鲜牛奶,热量：35 大卡(每100毫升),http://www.boohee.com/shiwu/fd460d85
"奶类及制品
  ",纽麦福 低脂高钙奶,热量：61 大卡(每100毫升),http://www.boohee.com/shiwu/MeadowFreshdizhigaogainai
"奶类及制品
  ",小小光明健康成长奶酪,热量：190 大卡(每100克),http://www.boohee.com/shiwu/xiaoxiaoguangmingjiankangchengchangnailao
"奶类及制品
  ",雀巢 全仕奶（巧克力味）,热量：72 大卡(每100毫升),http://www.boohee.com/shiwu/quechaoquanshinai_qiaokeliwei
"奶类及制品
  ",Dr.Oetker Onken脱脂酸奶,热量：48 大卡(每100毫升),http://www.boohee.com/shiwu/DrOetkerhiOnkentuozhisuannai
"奶类及制品
  ",光明奶酪经典黄波芝士片,热量：280 大卡(每100克),http://www.boohee.com/shiwu/guangmingnailaojingdianhuangbozhishipian
"奶类及制品
  ",达能 TAILLEFINE脱脂酸奶,热量：42 大卡(每100毫升),http://www.boohee.com/shiwu/danengTaillefinetuozhisuannai
"奶类及制品
  ",伊利高钙奶酪,热量：287 大卡(每100克),http://www.boohee.com/shiwu/yiligaogainailao
"奶类及制品
  ",牛奶（强化锌、钙）,热量：60 大卡(每100毫升),http://www.boohee.com/shiwu/niuru_qianghuaxin_gai_pamalate
"奶类及制品
  ",百吉福 减脂芝士片,热量：249 大卡(每100克),http://www.boohee.com/shiwu/faguobaijifujianzhizhishipian
"奶类及制品
  ",光明白雪酸牛奶新鲜杯,热量：70 大卡(每100毫升),http://www.boohee.com/shiwu/guangmingbaixuesuanniunaixinxianbei
"奶类及制品
  ",牛奶（草莓味，卡夫 牌）,热量：79 大卡(每100毫升),http://www.boohee.com/shiwu/niunai_caomeiwei_kafupai
"奶类及制品
  ",高钙高铁奶粉（可淇牌）,热量：437 大卡(每100克),http://www.boohee.com/shiwu/gaogaigaotienaifen_keqipai
"奶类及制品
  ",蒙牛 缔芝特低脂早餐奶酪,热量：215 大卡(每100克),http://www.boohee.com/shiwu/mengniudizhitezaocannailao
"奶类及制品
  ",雀巢 全脂甜奶粉,热量：462 大卡(每100克),http://www.boohee.com/shiwu/quechaoquanzhitiannaifen
"奶类及制品
  ",牛奶（乐百氏牌）,热量：67 大卡(每100毫升),http://www.boohee.com/shiwu/niuru_lebaishipai
"奶类及制品
  ",伊利 早餐奶酪（高钙）,热量：263 大卡(每100克),http://www.boohee.com/shiwu/yilizaocangaogainailao
"奶类及制品
  ",味全 优酪乳酸牛奶健康粗粮（蓝莓口味）,热量：84 大卡(每100毫升),http://www.boohee.com/shiwu/weiquanyoulaorusuanniunai_jiankangculianghihilanmeikouwei
"奶类及制品
  ",卡士 鲜酪乳调味酸牛乳（原味）,热量：82 大卡(每100毫升),http://www.boohee.com/shiwu/kashixianlaoru
"奶类及制品
  ",光明 健能草莓果粒酸牛奶 100g,热量：87 大卡(每100毫升),http://www.boohee.com/shiwu/guangmingjiannengcaomeiguolisuanniunai
"奶类及制品
  ",光明 红枣酸奶,热量：92 大卡(每100毫升),http://www.boohee.com/shiwu/guangminghongzaosuannai
"奶类及制品
  ",光明畅优优酪乳酸牛奶(原味),热量：85 大卡(每100毫升),http://www.boohee.com/shiwu/guangmingchangyouyoulaorusuanniunaiyuanwei
"奶类及制品
  ",伊利 大果粒酸牛奶（绿茶+Xm+椰果） 大杯260g,热量：92 大卡(每100毫升),http://www.boohee.com/shiwu/yilidaguolisuanniunai_lvchajuruoyeguo
"奶类及制品
  ",光明减脂90%鲜牛奶,热量：32 大卡(每100毫升),http://www.boohee.com/shiwu/guangmingjianzhi90xianniunai
"奶类及制品
  ",君乐宝高钙无蔗糖酸牛奶,热量：45 大卡(每100毫升),http://www.boohee.com/shiwu/junlebaogaogaiwuzhetangsuanniunai
"奶类及制品
  ",学生奶,热量：66 大卡(每100毫升),http://www.boohee.com/shiwu/xueshengnai
"奶类及制品
  ",银桥 益生菌酸牛奶（原味）,热量：78 大卡(每100毫升),http://www.boohee.com/shiwu/yinqiaoyishengjunsuanniunai
"奶类及制品
  ",伊利ABLS益生菌酸牛奶－无蔗糖,热量：54 大卡(每100毫升),http://www.boohee.com/shiwu/yiliABLSyishengjunsuanniunaihiwuzhetang
"奶类及制品
  ",光明 畅优B+100活性益生菌果粒酸牛奶（青提）,热量：69 大卡(每100毫升),http://www.boohee.com/shiwu/guangmingchangyoudizhiqingtiguolisuannai
"奶类及制品
  ",伊利妙芝新鲜奶酪,热量：118 大卡(每100克),http://www.boohee.com/shiwu/yilimiaozhixinxiannailao
"奶类及制品
  ",光明 纯牛奶香浓3.5,热量：62 大卡(每100毫升),http://www.boohee.com/shiwu/guangmingchunniunaixiangnong35
"奶类及制品
  ",蒙牛 酸牛奶（原味）,热量：85 大卡(每100毫升),http://www.boohee.com/shiwu/mengniutongzhuangyuanweisuanniunai
"奶类及制品
  ",伊利 益生菌酸牛奶,热量：98 大卡(每100毫升),http://www.boohee.com/shiwu/yiliyishengjunsuanniunai
"奶类及制品
  ",蒙牛 冠益乳冠菌优酪乳酸牛奶（原味）瓶装560g,热量：85 大卡(每100毫升),http://www.boohee.com/shiwu/guanyiruguanjunyoulaorusuanniunai_yuanwei
"奶类及制品
  ",光明 90%低脂鲜牛奶,热量：18 大卡(每100毫升),http://www.boohee.com/shiwu/guangming90hituozhixianniunai
"奶类及制品
  ",伊利 早餐奶酪（原味）,热量：287 大卡(每100克),http://www.boohee.com/shiwu/yiliyuanweizaocannailao
"奶类及制品
  ",光明汉方草本酸牛奶,热量：91 大卡(每100毫升),http://www.boohee.com/shiwu/guangminghanfangcaobensuanniunai
"奶类及制品
  ",达能 原味酸牛奶,热量：58 大卡(每100毫升),http://www.boohee.com/shiwu/danengyuanweisuanniunai
"奶类及制品
  ",婴儿奶粉,热量：443 大卡(每100克),http://www.boohee.com/shiwu/yingernaifen
"奶类及制品
  ",卡士 鲜酪乳 果味酸牛乳（粟米）,热量：73 大卡(每100毫升),http://www.boohee.com/shiwu/kashihixianlaoruhiguoweisuanniuru_sumi
"奶类及制品
  ",全脂奶粉（伊利牌）,热量：504 大卡(每100克),http://www.boohee.com/shiwu/quanzhinaifen_yilipai
"奶类及制品
  ",蒙牛 酸牛奶（原味） ,热量：85 大卡(每100毫升),http://www.boohee.com/shiwu/mengniuyuanweisuanniunai
"奶类及制品
  ",奶粉(多维奶粉),热量：484 大卡(每100克),http://www.boohee.com/shiwu/niurufen_duoweinaifen
"奶类及制品
  ",牛奶（巧克力味，卡夫 牌）,热量：80 大卡(每100毫升),http://www.boohee.com/shiwu/niunai_qiaokeliwei_kafupai
"奶类及制品
  ",法国百吉福 低脂芝士片,热量：195 大卡(每100克),http://www.boohee.com/shiwu/faguobaijifudizhizhishipian
"奶类及制品
  ",君乐宝 东方知味红枣酸牛奶,热量：61 大卡(每100毫升),http://www.boohee.com/shiwu/junlebaodongfangzhiweihongzaosuanniunai
"奶类及制品
  ",伊利 畅轻酸奶（草莓果粒）瓶装580g,热量：103 大卡(每100毫升),http://www.boohee.com/shiwu/yilichangqingsuannaicaomeiguoli
"奶类及制品
  ",牛奶（巧克力味，三元牌）,热量：74 大卡(每100毫升),http://www.boohee.com/shiwu/niunai_qiaokeliwei_sanyuanpai
"奶类及制品
  ",全脂甜炼乳（雀巢 ）,热量：380 大卡(每100克),http://www.boohee.com/shiwu/quanzhitianlianru_quechao
"奶类及制品
  ",光明无蔗糖酸奶（桶装）,热量：60 大卡(每100毫升),http://www.boohee.com/shiwu/guangmingwuzhetangsuannai_tongzhuang
"奶类及制品
  ",奶酪（骑士牌）,热量：386 大卡(每100克),http://www.boohee.com/shiwu/nailao_qishipai
"蔬果和菌藻
  ",桃子,热量：42 大卡(每100克),http://www.boohee.com/shiwu/tao_junzhi
"蔬果和菌藻
  ",上海青,热量：18 大卡(每100克),http://www.boohee.com/shiwu/piaoerbai
"蔬果和菌藻
  ",红富士苹果,热量：49 大卡(每100克),http://www.boohee.com/shiwu/hongfushipingguo
"蔬果和菌藻
  ",橙子,热量：48 大卡(每100克),http://www.boohee.com/shiwu/cheng
"蔬果和菌藻
  ",菜心,热量：28 大卡(每100克),http://www.boohee.com/shiwu/baicaitai
"蔬果和菌藻
  ",西兰花,热量：36 大卡(每100克),http://www.boohee.com/shiwu/xilanhua
"蔬果和菌藻
  ",柚子,热量：42 大卡(每100克),http://www.boohee.com/shiwu/you
"蔬果和菌藻
  ",白萝卜,热量：16 大卡(每100克),http://www.boohee.com/shiwu/bailuobo
"蔬果和菌藻
  ",梨,热量：51 大卡(每100克),http://www.boohee.com/shiwu/li_junzhi
"蔬果和菌藻
  ",花菜,热量：20 大卡(每100克),http://www.boohee.com/shiwu/caihua
"蔬果和菌藻
  ",结球甘蓝(紫）,热量：25 大卡(每100克),http://www.boohee.com/shiwu/jieqiuganlan_zi
"蔬果和菌藻
  ",冬枣,热量：113 大卡(每100克),http://www.boohee.com/shiwu/dongzao
"蔬果和菌藻
  ",猕猴桃,热量：61 大卡(每100克),http://www.boohee.com/shiwu/zhonghuamihoutao
"蔬果和菌藻
  ",南瓜,热量：23 大卡(每100克),http://www.boohee.com/shiwu/nangua
"蔬果和菌藻
  ",胡萝卜（老）,热量：39 大卡(每100克),http://www.boohee.com/shiwu/huluobo_hong
"蔬果和菌藻
  ",生菜,热量：16 大卡(每100克),http://www.boohee.com/shiwu/shengcai_niuli
"蔬果和菌藻
  ",橘子,热量：44 大卡(每100克),http://www.boohee.com/shiwu/jieganzi
"蔬果和菌藻
  ",木瓜,热量：30 大卡(每100克),http://www.boohee.com/shiwu/mugua
"蔬果和菌藻
  ",葡萄,热量：45 大卡(每100克),http://www.boohee.com/shiwu/putao_junzhi
"蔬果和菌藻
  ",圣女果,热量：25 大卡(每100克),http://www.boohee.com/shiwu/yingtaofanqie
"蔬果和菌藻
  ",冬瓜,热量：12 大卡(每100克),http://www.boohee.com/shiwu/donggua
"蔬果和菌藻
  ",胡萝卜（嫩）,热量：32 大卡(每100克),http://www.boohee.com/shiwu/huluobo
"蔬果和菌藻
  ",卷心菜（包菜，圆白菜）,热量：24 大卡(每100克),http://www.boohee.com/shiwu/ganlan
"蔬果和菌藻
  ",红枣(鲜),热量：125 大卡(每100克),http://www.boohee.com/shiwu/zao_xian
"蔬果和菌藻
  ",红枣,热量：276 大卡(每100克),http://www.boohee.com/shiwu/zao_gan
"蔬果和菌藻
  ",竹笋（鲜）,热量：23 大卡(每100克),http://www.boohee.com/shiwu/zhusun
"蔬果和菌藻
  ",荸荠,热量：61 大卡(每100克),http://www.boohee.com/shiwu/bici
"蔬果和菌藻
  ",木耳(水发),热量：27 大卡(每100克),http://www.boohee.com/shiwu/muer_shuifa
"蔬果和菌藻
  ",桔子,热量：51 大卡(每100克),http://www.boohee.com/shiwu/ganjie_junzhi
"蔬果和菌藻
  ",菠菜,热量：28 大卡(每100克),http://www.boohee.com/shiwu/bocai
"蔬果和菌藻
  ",苹果,热量：53 大卡(每100克),http://www.boohee.com/shiwu/pingguo_junzhi
"蔬果和菌藻
  ",大白菜,热量：20 大卡(每100克),http://www.boohee.com/shiwu/dabaicai_junzhi
"蔬果和菌藻
  ",小白菜,热量：17 大卡(每100克),http://www.boohee.com/shiwu/xiaobaicai
"蔬果和菌藻
  ",香蕉,热量：93 大卡(每100克),http://www.boohee.com/shiwu/xiangjiao
"蔬果和菌藻
  ",番茄,热量：15 大卡(每100克),http://www.boohee.com/shiwu/fanqie
"蔬果和菌藻
  ",黄瓜,热量：16 大卡(每100克),http://www.boohee.com/shiwu/huanggua
"蔬果和菌藻
  ",Easy Fun 低脂魔芋爽（山椒味）,热量：49 大卡(每100克),http://www.boohee.com/shiwu/fdd3e9eb
"蔬果和菌藻
  ",Easy Fun 低脂魔芋爽（香辣味）,热量：49 大卡(每100克),http://www.boohee.com/shiwu/fd7db325
"蔬果和菌藻
  ",Easy Ace 多吃蔬菜,热量：244 大卡(每100克),http://www.boohee.com/shiwu/fd390d55
"蔬果和菌藻
  ",西瓜,热量：31 大卡(每100克),http://www.boohee.com/shiwu/xigua_junzhi
"蔬果和菌藻
  ",菠萝,热量：44 大卡(每100克),http://www.boohee.com/shiwu/boluo
"蔬果和菌藻
  ",火龙果,热量：55 大卡(每100克),http://www.boohee.com/shiwu/huolongguo
"蔬果和菌藻
  ",草莓,热量：32 大卡(每100克),http://www.boohee.com/shiwu/caomei
"蔬果和菌藻
  ",芒果,热量：35 大卡(每100克),http://www.boohee.com/shiwu/mangguo
"蔬果和菌藻
  ",豆芽（绿豆芽）,热量：16 大卡(每100克),http://www.boohee.com/shiwu/lvdouya
"蔬果和菌藻
  ",香菇（鲜）,热量：26 大卡(每100克),http://www.boohee.com/shiwu/xianggu
"蔬果和菌藻
  ",茄子,热量：23 大卡(每100克),http://www.boohee.com/shiwu/qiezi_junzhi
"蔬果和菌藻
  ",哈密瓜,热量：34 大卡(每100克),http://www.boohee.com/shiwu/hamigua2
"蔬果和菌藻
  ",甜瓜,热量：26 大卡(每100克),http://www.boohee.com/shiwu/tiangua
"蔬果和菌藻
  ",李子,热量：38 大卡(每100克),http://www.boohee.com/shiwu/lizi
"蔬果和菌藻
  ",豆芽（黄豆芽）,热量：47 大卡(每100克),http://www.boohee.com/shiwu/huangdouya
"蔬果和菌藻
  ",苦瓜,热量：22 大卡(每100克),http://www.boohee.com/shiwu/kugua
"蔬果和菌藻
  ",小叶桔,热量：40 大卡(每100克),http://www.boohee.com/shiwu/xiaoyejie
"蔬果和菌藻
  ",豆角,热量：34 大卡(每100克),http://www.boohee.com/shiwu/doujiao
"蔬果和菌藻
  ",芹菜茎,热量：22 大卡(每100克),http://www.boohee.com/shiwu/qincaijing
"蔬果和菌藻
  ",鹅黄梨,热量：41 大卡(每100克),http://www.boohee.com/shiwu/ehuangli
"蔬果和菌藻
  ",丝瓜,热量：20 大卡(每100克),http://www.boohee.com/shiwu/sigua
"蔬果和菌藻
  ",巨峰葡萄,热量：51 大卡(每100克),http://www.boohee.com/shiwu/jufengputao
"蔬果和菌藻
  ",白兰瓜,热量：23 大卡(每100克),http://www.boohee.com/shiwu/bailangua
"蔬果和菌藻
  ",马奶子葡萄,热量：41 大卡(每100克),http://www.boohee.com/shiwu/manaiziputao
"蔬果和菌藻
  ",海带（浸）,热量：16 大卡(每100克),http://www.boohee.com/shiwu/haidai_jin
"蔬果和菌藻
  ",芹菜（药芹）,热量：13 大卡(每100克),http://www.boohee.com/shiwu/qincai_baijing
"蔬果和菌藻
  ",通心菜（空心菜）,热量：23 大卡(每100克),http://www.boohee.com/shiwu/wengcai
"蔬果和菌藻
  ",西柚,热量：33 大卡(每100克),http://www.boohee.com/shiwu/putaoyou_taiwan
"蔬果和菌藻
  ",鱼腥草（叶）,热量：32 大卡(每100克),http://www.boohee.com/shiwu/yuxingcao
"蔬果和菌藻
  ",木耳(干),热量：265 大卡(每100克),http://www.boohee.com/shiwu/muer_gan
"蔬果和菌藻
  ",豌豆苗,热量：32 大卡(每100克),http://www.boohee.com/shiwu/wandoumiao
"蔬果和菌藻
  ",小葱,热量：27 大卡(每100克),http://www.boohee.com/shiwu/xiaocong
"蔬果和菌藻
  ",Easy Fun 土耳其杏干,热量：268 大卡(每100克),http://www.boohee.com/shiwu/fde3717f
"蔬果和菌藻
  ",葡萄干,热量：344 大卡(每100克),http://www.boohee.com/shiwu/putaogan
"蔬果和菌藻
  ",杨梅,热量：30 大卡(每100克),http://www.boohee.com/shiwu/yangmei
"蔬果和菌藻
  ",山楂（红果）,热量：102 大卡(每100克),http://www.boohee.com/shiwu/hongguo
"蔬果和菌藻
  ",桑葚（红）,热量：55 大卡(每100克),http://www.boohee.com/shiwu/sangren_hong
"蔬果和菌藻
  ",芹菜（水芹）,热量：13 大卡(每100克),http://www.boohee.com/shiwu/shuiqincai
"蔬果和菌藻
  ",韭菜,热量：25 大卡(每100克),http://www.boohee.com/shiwu/jiucai
"蔬果和菌藻
  ",紫葡萄,热量：45 大卡(每100克),http://www.boohee.com/shiwu/ziputao
"蔬果和菌藻
  ",西瓜(京欣一号),热量：34 大卡(每100克),http://www.boohee.com/shiwu/xigua_jingxinyihao
"蔬果和菌藻
  ",李子杏,热量：37 大卡(每100克),http://www.boohee.com/shiwu/lizixing
"蔬果和菌藻
  ",西葫芦,热量：19 大卡(每100克),http://www.boohee.com/shiwu/xihulu
"蔬果和菌藻
  ",黄香蕉苹果,热量：53 大卡(每100克),http://www.boohee.com/shiwu/huangxiangjiaopingguo
"蔬果和菌藻
  ",桑葚,热量：57 大卡(每100克),http://www.boohee.com/shiwu/sangren_junzhi
"蔬果和菌藻
  ",紫菜(干),热量：250 大卡(每100克),http://www.boohee.com/shiwu/zicai_gan
"蔬果和菌藻
  ",国光苹果,热量：56 大卡(每100克),http://www.boohee.com/shiwu/guoguangpingguo
"蔬果和菌藻
  ",四季豆,热量：31 大卡(每100克),http://www.boohee.com/shiwu/sijidou
"蔬果和菌藻
  ",莴笋,热量：15 大卡(每100克),http://www.boohee.com/shiwu/wosun
"蔬果和菌藻
  ",蘑菇(鲜蘑),热量：24 大卡(每100克),http://www.boohee.com/shiwu/mogu_xianmo
"蔬果和菌藻
  ",长把梨,热量：62 大卡(每100克),http://www.boohee.com/shiwu/changbali
"蔬果和菌藻
  ",银耳(干),热量：261 大卡(每100克),http://www.boohee.com/shiwu/yiner_gan
"蔬果和菌藻
  ",枣（干，大),热量：317 大卡(每100克),http://www.boohee.com/shiwu/zao_gan_da
"蔬果和菌藻
  ",杏,热量：38 大卡(每100克),http://www.boohee.com/shiwu/xing
"蔬果和菌藻
  ",青椒,热量：22 大卡(每100克),http://www.boohee.com/shiwu/lajiao_qing_jian
"蔬果和菌藻
  ",洋葱,热量：40 大卡(每100克),http://www.boohee.com/shiwu/yangcong
"蔬果和菌藻
  ",金针菇,热量：32 大卡(每100克),http://www.boohee.com/shiwu/jinzhengu
"蔬果和菌藻
  ",莲藕,热量：47 大卡(每100克),http://www.boohee.com/shiwu/ou
"蔬果和菌藻
  ",红提子葡萄,热量：54 大卡(每100克),http://www.boohee.com/shiwu/hongtiziputao
"蔬果和菌藻
  ",海带（鲜）,热量：13 大卡(每100克),http://www.boohee.com/shiwu/haidai
"蔬果和菌藻
  ",荔枝,热量：71 大卡(每100克),http://www.boohee.com/shiwu/lizhi
"蔬果和菌藻
  ",生菜(叶用莴苣),热量：12 大卡(每100克),http://www.boohee.com/shiwu/shengcai_yeyongwoju
"蔬果和菌藻
  ",结球甘蓝（绿）,热量：26 大卡(每100克),http://www.boohee.com/shiwu/jieqiuganlan_lv
"蔬果和菌藻
  ",樱桃,热量：46 大卡(每100克),http://www.boohee.com/shiwu/yingtao
"坚果、大豆及制品
  ",腐竹（干）,热量：461 大卡(每100克),http://www.boohee.com/shiwu/fuzhu
"坚果、大豆及制品
  ",花生米（油炸）,热量：583 大卡(每100克),http://www.boohee.com/shiwu/huashengren_youzha
"坚果、大豆及制品
  ",豆腐丝,热量：203 大卡(每100克),http://www.boohee.com/shiwu/doufusi
"坚果、大豆及制品
  ",千张,热量：262 大卡(每100克),http://www.boohee.com/shiwu/qianzhang
"坚果、大豆及制品
  ",花生（烤、勤俭牌）,热量：586 大卡(每100克),http://www.boohee.com/shiwu/huasheng_kao_qinjianpai
"坚果、大豆及制品
  ",青豆（干）,热量：398 大卡(每100克),http://www.boohee.com/shiwu/qingdou
"坚果、大豆及制品
  ",豆腐干(酱油干),热量：157 大卡(每100克),http://www.boohee.com/shiwu/doufugan_jiangyougan
"坚果、大豆及制品
  ",腰果,热量：559 大卡(每100克),http://www.boohee.com/shiwu/yaoguo
"坚果、大豆及制品
  ",莲子(干),热量：350 大卡(每100克),http://www.boohee.com/shiwu/lianzi_gan
"坚果、大豆及制品
  ",山核桃,热量：616 大卡(每100克),http://www.boohee.com/shiwu/shanhetao_gan
"坚果、大豆及制品
  ",花生米（生）,热量：574 大卡(每100克),http://www.boohee.com/shiwu/huashengren_sheng
"坚果、大豆及制品
  ",花生米（炒）,热量：589 大卡(每100克),http://www.boohee.com/shiwu/huashengren_chao
"坚果、大豆及制品
  ",北豆腐,热量：116 大卡(每100克),http://www.boohee.com/shiwu/doufu_bei
"坚果、大豆及制品
  ",栗子,热量：214 大卡(每100克),http://www.boohee.com/shiwu/lizi_shu
"坚果、大豆及制品
  ",Easy Fun 低脂夹心牛肉豆脯（五香味）,热量：121 大卡(每100克),http://www.boohee.com/shiwu/fd1330db
"坚果、大豆及制品
  ",豆腐皮（干）,热量：447 大卡(每100克),http://www.boohee.com/shiwu/doufupi
"坚果、大豆及制品
  ",Easy Fun 高纤麦芽豆乳,热量：365 大卡(每100克),http://www.boohee.com/shiwu/fdef9621
"坚果、大豆及制品
  ",豆奶粉,热量：423 大卡(每100克),http://www.boohee.com/shiwu/dounaifen
"坚果、大豆及制品
  ",豆奶,热量：30 大卡(每100毫升),http://www.boohee.com/shiwu/dounai
"坚果、大豆及制品
  ",杏仁(烤干，加盐),热量：617 大卡(每100克),http://www.boohee.com/shiwu/xingren_kaogan_jiayan
"坚果、大豆及制品
  ",豆浆,热量：31 大卡(每100毫升),http://www.boohee.com/shiwu/doujiang
"坚果、大豆及制品
  ",瓜子,热量：615 大卡(每100克),http://www.boohee.com/shiwu/kuihuaziren
"坚果、大豆及制品
  ",豆浆（甜）,热量：34 大卡(每100毫升),http://www.boohee.com/shiwu/doujiang_tian
"坚果、大豆及制品
  ",豆腐干（白干）,热量：197 大卡(每100克),http://www.boohee.com/shiwu/doufugan_junzhi
"坚果、大豆及制品
  ",黑芝麻,热量：559 大卡(每100克),http://www.boohee.com/shiwu/zhimazi_hei
"坚果、大豆及制品
  ",豆腐,热量：84 大卡(每100克),http://www.boohee.com/shiwu/doufu_junzhi
"坚果、大豆及制品
  ",核桃（干）,热量：646 大卡(每100克),http://www.boohee.com/shiwu/hetao_gan
"坚果、大豆及制品
  ",豆腐花,热量：15 大卡(每100克),http://www.boohee.com/shiwu/doufunao
"坚果、大豆及制品
  ",豆腐(南),热量：87 大卡(每100克),http://www.boohee.com/shiwu/doufu_nan
"坚果、大豆及制品
  ",炒花生,热量：601 大卡(每100克),http://www.boohee.com/shiwu/huasheng_chao
"坚果、大豆及制品
  ",豆腐脑(带卤),热量：48 大卡(每100克),http://www.boohee.com/shiwu/doufunao_dailu
"坚果、大豆及制品
  ",花生,热量：313 大卡(每100克),http://www.boohee.com/shiwu/huasheng_xian
"坚果、大豆及制品
  ",杏仁,热量：578 大卡(每100克),http://www.boohee.com/shiwu/xingren
"坚果、大豆及制品
  ",核桃(鲜),热量：336 大卡(每100克),http://www.boohee.com/shiwu/hetao_xian
"坚果、大豆及制品
  ",黄豆,热量：390 大卡(每100克),http://www.boohee.com/shiwu/huangdou
"坚果、大豆及制品
  ",毛豆,热量：131 大卡(每100克),http://www.boohee.com/shiwu/maodou
"坚果、大豆及制品
  ",豆腐干(香干),热量：152 大卡(每100克),http://www.boohee.com/shiwu/doufugan_xianggan
"坚果、大豆及制品
  ",葵花子（奶油香瓜子）,热量：620 大卡(每100克),http://www.boohee.com/shiwu/kuihuazi_naiyouxiangguazi
"坚果、大豆及制品
  ",油豆腐,热量：245 大卡(每100克),http://www.boohee.com/shiwu/youdoufu
"坚果、大豆及制品
  ",豆浆粉,热量：426 大卡(每100克),http://www.boohee.com/shiwu/doujiangfen
"坚果、大豆及制品
  ",内酯豆腐,热量：50 大卡(每100克),http://www.boohee.com/shiwu/doufu_neizhi
"坚果、大豆及制品
  ",杏仁(大),热量：540 大卡(每100克),http://www.boohee.com/shiwu/xingren_da
"坚果、大豆及制品
  ",山核桃（熟）,热量：658 大卡(每100克),http://www.boohee.com/shiwu/shanhetao_shu
"坚果、大豆及制品
  ",花生（烤、密日兴牌）,热量：475 大卡(每100克),http://www.boohee.com/shiwu/huasheng_kao_mirixingpai
"坚果、大豆及制品
  ",开心果,热量：631 大卡(每100克),http://www.boohee.com/shiwu/kaixinguo_shu
"坚果、大豆及制品
  ",素鸡,热量：194 大卡(每100克),http://www.boohee.com/shiwu/suji
"坚果、大豆及制品
  ",黑豆,热量：401 大卡(每100克),http://www.boohee.com/shiwu/heidou
"坚果、大豆及制品
  ",豆腐干(卤干),热量：339 大卡(每100克),http://www.boohee.com/shiwu/doufugan_lugan
"坚果、大豆及制品
  ",腰果（熟）,热量：615 大卡(每100克),http://www.boohee.com/shiwu/yaoguo_shu
"坚果、大豆及制品
  ",西瓜子(炒),热量：582 大卡(每100克),http://www.boohee.com/shiwu/xiguazi_chao
"坚果、大豆及制品
  ",榛子,热量：561 大卡(每100克),http://www.boohee.com/shiwu/zhenzi_gan
"坚果、大豆及制品
  ",白芝麻,热量：536 大卡(每100克),http://www.boohee.com/shiwu/zhimazi_bai
"坚果、大豆及制品
  ",豆腐干(熏干),热量：154 大卡(每100克),http://www.boohee.com/shiwu/doufugan_xungan
"坚果、大豆及制品
  ",素火腿,热量：213 大卡(每100克),http://www.boohee.com/shiwu/suhuotui
"坚果、大豆及制品
  ",美国大杏仁,热量：586 大卡(每100克),http://www.boohee.com/shiwu/meiguodaxingren
"坚果、大豆及制品
  ",杏仁（熟、带壳）,热量：648 大卡(每100克),http://www.boohee.com/shiwu/xingren_shu_daike
"坚果、大豆及制品
  ",毛核桃,热量：184 大卡(每100克),http://www.boohee.com/shiwu/maohetao
"坚果、大豆及制品
  ",榛子仁（熟）,热量：628 大卡(每100克),http://www.boohee.com/shiwu/zhenziren_shu
"坚果、大豆及制品
  ",松子(炒),热量：644 大卡(每100克),http://www.boohee.com/shiwu/songzi_chao
"坚果、大豆及制品
  ",榛子(炒),热量：611 大卡(每100克),http://www.boohee.com/shiwu/zhenzi_chao
"坚果、大豆及制品
  ",豆腐卷,热量：203 大卡(每100克),http://www.boohee.com/shiwu/doufujuan
"坚果、大豆及制品
  ",O'Day 扯扯素肉（麻辣味）,热量：148 大卡(每100克),http://www.boohee.com/shiwu/fdec584b
"坚果、大豆及制品
  ",Easy Fun 奇亚籽,热量：428 大卡(每100克),http://www.boohee.com/shiwu/fd1aa5af
"坚果、大豆及制品
  ",西瓜子（熟）,热量：550 大卡(每100克),http://www.boohee.com/shiwu/xiguazi_shu
"坚果、大豆及制品
  ",杏仁(炒),热量：618 大卡(每100克),http://www.boohee.com/shiwu/xingren_chao
"坚果、大豆及制品
  ",杏仁(烤干，不加盐),热量：617 大卡(每100克),http://www.boohee.com/shiwu/xingren_kaogan_bujiayan
"坚果、大豆及制品
  ",豆腐丝(油),热量：304 大卡(每100克),http://www.boohee.com/shiwu/doufusi_you
"坚果、大豆及制品
  ",白果(干),热量：355 大卡(每100克),http://www.boohee.com/shiwu/baiguo_gan
"坚果、大豆及制品
  ",洽洽香瓜子,热量：616 大卡(每100克),http://www.boohee.com/shiwu/qiaqiaxiangguazi2
"坚果、大豆及制品
  ",南瓜子仁,热量：576 大卡(每100克),http://www.boohee.com/shiwu/nanguaziren
"坚果、大豆及制品
  ",白玉 家庭号无糖豆浆,热量：23 大卡(每100毫升),http://www.boohee.com/shiwu/baiyuwutangdoujiang_jiatinghao
"坚果、大豆及制品
  ",葵花子（熟）,热量：591 大卡(每100克),http://www.boohee.com/shiwu/kuihuazi_shu
"坚果、大豆及制品
  ",香榧（熟）,热量：644 大卡(每100克),http://www.boohee.com/shiwu/xiangfei_shu
"坚果、大豆及制品
  ",芡实米（干）,热量：352 大卡(每100克),http://www.boohee.com/shiwu/qianshimi
"坚果、大豆及制品
  ",杏仁(漂白后),热量：602 大卡(每100克),http://www.boohee.com/shiwu/xingren_piaobaihou
"坚果、大豆及制品
  ",松子,热量：553 大卡(每100克),http://www.boohee.com/shiwu/songzi_shu
"坚果、大豆及制品
  ",栗子（山东）,热量：168 大卡(每100克),http://www.boohee.com/shiwu/lizi_shandong
"坚果、大豆及制品
  ",豆奶粉（多力牌）,热量：405 大卡(每100毫升),http://www.boohee.com/shiwu/dounaifen_duolipai
"坚果、大豆及制品
  ",南方 无糖黑芝麻糊,热量：416 大卡(每100毫升),http://www.boohee.com/shiwu/nanfangwutangheizhimahu
"坚果、大豆及制品
  ",西瓜子仁,热量：566 大卡(每100克),http://www.boohee.com/shiwu/xiguaziren
"坚果、大豆及制品
  ",黑芝麻糊粉,热量：408 大卡(每100毫升),http://www.boohee.com/shiwu/heizhimahufen
"坚果、大豆及制品
  ",豆腐干(小香干),热量：174 大卡(每100克),http://www.boohee.com/shiwu/doufugan_xiaoxianggan
"坚果、大豆及制品
  ",杏仁(原味),热量：596 大卡(每100克),http://www.boohee.com/shiwu/xingren_yuanweiquanbu
"坚果、大豆及制品
  ",栗子(鲜),热量：188 大卡(每100克),http://www.boohee.com/shiwu/lizi_xian
"坚果、大豆及制品
  ",葵花子(炒),热量：625 大卡(每100克),http://www.boohee.com/shiwu/kuihuazi_chao
"坚果、大豆及制品
  ",南瓜子,热量：582 大卡(每100克),http://www.boohee.com/shiwu/nanguazi_chao
"坚果、大豆及制品
  ",豆腐干(菜干),热量：137 大卡(每100克),http://www.boohee.com/shiwu/doufugan_caigan
"坚果、大豆及制品
  ",乐购 浓豆浆,热量：26 大卡(每100毫升),http://www.boohee.com/shiwu/legounongdoujiang
"坚果、大豆及制品
  ",西瓜子(话梅),热量：567 大卡(每100克),http://www.boohee.com/shiwu/xiguazi_huamei
"坚果、大豆及制品
  ",黄豆粉,热量：432 大卡(每100克),http://www.boohee.com/shiwu/huangdoufen
"坚果、大豆及制品
  ",杏仁（熟、去壳）,热量：625 大卡(每100克),http://www.boohee.com/shiwu/xingren_shu_quke
"坚果、大豆及制品
  ",旭松 日本纳豆,热量：190 大卡(每100克),http://www.boohee.com/shiwu/xusongnadou
"坚果、大豆及制品
  ",栗子(河北迁西）,热量：182 大卡(每100克),http://www.boohee.com/shiwu/lizi_hebeiqianxi
"坚果、大豆及制品
  ",豆腐干(蒲包干),热量：135 大卡(每100克),http://www.boohee.com/shiwu/doufugan_pubaogan
"坚果、大豆及制品
  ",桃仁,热量：429 大卡(每100克),http://www.boohee.com/shiwu/taoren
"坚果、大豆及制品
  ",松子仁,热量：718 大卡(每100克),http://www.boohee.com/shiwu/songziren
"坚果、大豆及制品
  ",豆腐干(臭干),热量：99 大卡(每100克),http://www.boohee.com/shiwu/doufugan_chougan
"坚果、大豆及制品
  ",杏仁(过油炸干),热量：631 大卡(每100克),http://www.boohee.com/shiwu/xingren_guoyouzhagan
"坚果、大豆及制品
  ",豆腐丝(干),热量：451 大卡(每100克),http://www.boohee.com/shiwu/doufusi_gan
"坚果、大豆及制品
  ",榛子（熟）,热量：642 大卡(每100克),http://www.boohee.com/shiwu/zhenzi_shu
"饮料
  ",农夫山泉 水溶C100 柠檬汁,热量：38 大卡(每100毫升),http://www.boohee.com/shiwu/shuirongC100ningmengzhi
"饮料
  ",红葡萄酒,热量：74 大卡(每100毫升),http://www.boohee.com/shiwu/hongputaojiu
"饮料
  ",红茶（茶叶本身）,热量：324 大卡(每100克),http://www.boohee.com/shiwu/hongcha
"饮料
  ",统一弗蕾奶茶-经典麦香,热量：33 大卡(每100毫升),http://www.boohee.com/shiwu/tongyifuleinaicha-jingdianmaixiang
"饮料
  ",雀巢 原叶低糖绿茶,热量：16 大卡(每100毫升),http://www.boohee.com/shiwu/quechaoyuanyeditanglvcha
"饮料
  ",椰树 椰汁,热量：50 大卡(每100毫升),http://www.boohee.com/shiwu/zhengzongyeshupaiyezhi
"饮料
  ",可口可乐 零度 汽水,热量：0 大卡(每100毫升),http://www.boohee.com/shiwu/fdf96dfc
"饮料
  ",可口可乐 樱桃味汽水,热量：32 大卡(每100毫升),http://www.boohee.com/shiwu/fde140ed
"饮料
  ",可口可乐 姜味汽水,热量：31 大卡(每100毫升),http://www.boohee.com/shiwu/fd254263
"饮料
  ",可口可乐 健怡 汽水,热量：0 大卡(每100毫升),http://www.boohee.com/shiwu/fda1dc8b
"饮料
  ",可口可乐 纤维+ 汽水,热量：0 大卡(每100毫升),http://www.boohee.com/shiwu/fd68003b
"饮料
  ",杏仁露,热量：46 大卡(每100毫升),http://www.boohee.com/shiwu/xingrenlu
"饮料
  ",可口可乐  香草味汽水,热量：43 大卡(每100毫升),http://www.boohee.com/shiwu/fdc9230d
"饮料
  ",弗蕾绿奶茶（鲜绿茉香口味）,热量：33 大卡(每100毫升),http://www.boohee.com/shiwu/fuleilvnaichahixianlvmoxiangkouweihi
"饮料
  ",可乐,热量：45 大卡(每100毫升),http://www.boohee.com/shiwu/bingchuankele
"饮料
  ",超模25 综合营养素（树莓味）,热量：49 大卡(每100克),http://www.boohee.com/shiwu/fdb9c73c
"饮料
  ",超模25 营养玄米饮（抹茶味）,热量：358 大卡(每100克),http://www.boohee.com/shiwu/fd4b5ee7
"饮料
  ",超模25 营养可可,热量：366 大卡(每100克),http://www.boohee.com/shiwu/fdc78d52
"饮料
  ",Easy Fun 路易波士茶,热量：0 大卡(每100克),http://www.boohee.com/shiwu/fd90acfe
"饮料
  ",Easy Fun 纯马黛茶,热量：0 大卡(每100克),http://www.boohee.com/shiwu/fd36d1d9
"饮料
  ",无糖美式咖啡,热量：1 大卡(每100毫升),http://www.boohee.com/shiwu/heikafei
"饮料
  ",矿泉水,热量：0 大卡(每100毫升),http://www.boohee.com/shiwu/kuangquanshui
"饮料
  ",啤酒,热量：32 大卡(每100毫升),http://www.boohee.com/shiwu/pijiu_junzhi
"饮料
  ",珍珠奶茶,热量：52 大卡(每100克),http://www.boohee.com/shiwu/zhenzhunaicha
"饮料
  ",天福茗茶 绿茶粉,热量：328 大卡(每100克),http://www.boohee.com/shiwu/tianfumingchapailvchafen
"饮料
  ",绿茶（茶叶本身）,热量：328 大卡(每100克),http://www.boohee.com/shiwu/lvcha
"饮料
  ",柠檬汁,热量：27 大卡(每100毫升),http://www.boohee.com/shiwu/ningmengzhi
"饮料
  ",江米酒,热量：91 大卡(每100毫升),http://www.boohee.com/shiwu/jiangmijiu
"饮料
  ",红酒,热量：96 大卡(每100毫升),http://www.boohee.com/shiwu/hongjiu
"饮料
  ",茶水,热量：0 大卡(每100毫升),http://www.boohee.com/shiwu/chashui
"饮料
  ",汇源 橙汁,热量：46 大卡(每100毫升),http://www.boohee.com/shiwu/chengzhiyinliao_huiyuanpai
"饮料
  ",光明 藜麦谷物牛奶,热量：76 大卡(每100毫升),http://www.boohee.com/shiwu/fdee4440
"饮料
  ",光明 巧克努力 巧克力牛奶饮品,热量：87 大卡(每100毫升),http://www.boohee.com/shiwu/fd149b3f
"饮料
  ",光明 一只椰子 牛乳饮品,热量：58 大卡(每100毫升),http://www.boohee.com/shiwu/fd755b55
"饮料
  ",可口可乐 汽水,热量：43 大卡(每100毫升),http://www.boohee.com/shiwu/fd46aa5b
"饮料
  ",康宝莱 蛋白混合饮料（巧克力味）,热量：370 大卡(每100克),http://www.boohee.com/shiwu/kangbaolaidanbaihunheyinliao
"饮料
  ",私房小厨杏仁粉,热量：580 大卡(每100克),http://www.boohee.com/shiwu/sifangxiaochuxingrenfen
"饮料
  ",甘蔗汁,热量：65 大卡(每100毫升),http://www.boohee.com/shiwu/ganzhezhi
"饮料
  ",铁观音茶（茶叶本身）,热量：334 大卡(每100克),http://www.boohee.com/shiwu/tieguanyincha
"饮料
  ",可可粉,热量：349 大卡(每100克),http://www.boohee.com/shiwu/kekefen
"饮料
  ",Easy Ace 绿咖啡果蔬饮,热量：76 大卡(每100毫升),http://www.boohee.com/shiwu/fda112e2
"饮料
  ",Easy Fun 冷萃冻干速溶咖啡粉,热量：337 大卡(每100克),http://www.boohee.com/shiwu/fdd71b5b
"饮料
  ",Easy Fun 法式南瓜汤,热量：313 大卡(每100克),http://www.boohee.com/shiwu/fde94499
"饮料
  ",Easy Ace 营养代餐奶昔酸奶味,热量：379 大卡(每100克),http://www.boohee.com/shiwu/fdc8386b
"饮料
  ",Easy Ace 营养代餐奶昔奶茶味,热量：350 大卡(每100克),http://www.boohee.com/shiwu/fd0d6417
"饮料
  ",Easy S 香草味代餐饮,热量：350 大卡(每100克),http://www.boohee.com/shiwu/fdafb64b
"饮料
  ",Easy S 玉米蔬菜味代餐饮,热量：384 大卡(每100克),http://www.boohee.com/shiwu/fdac3774
"饮料
  ",饮用水,热量：0 大卡(每100毫升),http://www.boohee.com/shiwu/yinyongshui
"饮料
  ",咖啡粉,热量：218 大卡(每100克),http://www.boohee.com/shiwu/kafeifen
"饮料
  ",麦斯威尔 原味咖啡,热量：478 大卡(每100克),http://www.boohee.com/shiwu/maisiweieryuanweikafei
"饮料
  ",农夫茶龙井绿茶饮品-低糖,热量：19 大卡(每100毫升),http://www.boohee.com/shiwu/nongfuchalongjinglvchayinpin-ditang
"饮料
  ",味佳牌蜂蜜柚子茶,热量：250 大卡(每100克),http://www.boohee.com/shiwu/weijiapaifengmiyouzicha
"饮料
  ",惠尔康 谷粒谷力燕麦浓浆,热量：58 大卡(每100毫升),http://www.boohee.com/shiwu/huierkangpaiguliguliyanmainongjiang
"饮料
  ",柠檬茶（雀巢 牌，固体饮料）,热量：406 大卡(每100克),http://www.boohee.com/shiwu/ningmengcha
"饮料
  ",汇源100%苹果汁,热量：38 大卡(每100毫升),http://www.boohee.com/shiwu/huiyuan100pingguozhi
"饮料
  ",美汁源 果粒橙,热量：41 大卡(每100毫升),http://www.boohee.com/shiwu/meizhiyuanguolicheng2
"饮料
  ", 惠尔康谷粒谷力荞麦浓浆,热量：18 大卡(每100毫升),http://www.boohee.com/shiwu/hihuierkangguliguliqiaomainongjiang
"饮料
  ",酸乳饮料,热量：54 大卡(每100毫升),http://www.boohee.com/shiwu/suanruyinliao
"饮料
  ",麒麟午后红茶奶茶饮料-低脂肪,热量：34 大卡(每100毫升),http://www.boohee.com/shiwu/qilinwuhouhongchanaichayinliao-dizhifang
"饮料
  ",葡萄酒（干红，11.5%，长城牌）,热量：72 大卡(每100毫升),http://www.boohee.com/shiwu/putaojiu_ganhong_115_changchengpai
"饮料
  ",橙汁汽水,热量：20 大卡(每100毫升),http://www.boohee.com/shiwu/chengzhiqishui
"饮料
  ",CoCo都可 鲜芋青稞奶茶-不加糖（营养师估算）,热量：102 大卡(每100毫升),http://www.boohee.com/shiwu/fdc3f2b1
"饮料
  ",咖啡豆,热量：313 大卡(每100克),http://www.boohee.com/shiwu/kafeidou
"饮料
  ",十全苹果醋,热量：29 大卡(每100毫升),http://www.boohee.com/shiwu/shiquanpingguocu
"饮料
  ",维他 奶原味豆奶饮料（低脂肪）,热量：48 大卡(每100毫升),http://www.boohee.com/shiwu/weitanai_dizhidounai
"饮料
  ",七喜,热量：30 大卡(每100毫升),http://www.boohee.com/shiwu/qixi
"饮料
  ",橙汁饮料（光明牌）,热量：44 大卡(每100毫升),http://www.boohee.com/shiwu/chengzhiyinliao_guangmingpai
"饮料
  ",康师傅 绿茶（低糖）,热量：15 大卡(每100毫升),http://www.boohee.com/shiwu/kangshifulvcha_ditang
"饮料
  ",麦氏典藏MAXIM原味咖啡,热量：441 大卡(每100克),http://www.boohee.com/shiwu/maishidiancangMAXIMyuanweikafei
"饮料
  ",雀巢 冰爽茶冰极柠檬味绿茶饮料,热量：39 大卡(每100克),http://www.boohee.com/shiwu/quechaobingshuangchabingjiningmengweilvchayinliao
"饮料
  ",超模25 营养饮（玉米蔬菜味）,热量：366 大卡(每100克),http://www.boohee.com/shiwu/fde0c510
"饮料
  ",Easy Fun 玉米须茶,热量：0 大卡(每100克),http://www.boohee.com/shiwu/fd2e9127
"饮料
  ",Beauty Reset 焕白肌密果味饮料,热量：29 大卡(每100毫升),http://www.boohee.com/shiwu/fdae59f0
"饮料
  ",芬达 橙味汽水,热量：34 大卡(每100毫升),http://www.boohee.com/shiwu/fd040161
"饮料
  ",Easy Fun 意式咖啡包（奶萃）,热量：0 大卡(每100克),http://www.boohee.com/shiwu/fd80e745
"饮料
  ",O'day 运动蛋白粉（蜜桃味）,热量：404 大卡(每100克),http://www.boohee.com/shiwu/fd214dac
"饮料
  ",Easy Fun 西梅饮,热量：132 大卡(每100毫升),http://www.boohee.com/shiwu/fdfba59b
"饮料
  ",超模25 咖啡蛋白饮,热量：417 大卡(每100克),http://www.boohee.com/shiwu/fde9641c
"饮料
  ",超模25 果蔬营养素（番茄味）,热量：70 大卡(每100克),http://www.boohee.com/shiwu/fd634fb2
"饮料
  ",喜乐(乳酸饮料),热量：53 大卡(每100毫升),http://www.boohee.com/shiwu/xile_rusuanyinliao
"饮料
  ",苹果汁饮料（光明牌）,热量：54 大卡(每100毫升),http://www.boohee.com/shiwu/pingguozhiyinliao_guangmingpai
"饮料
  ",红果汁,热量：157 大卡(每100毫升),http://www.boohee.com/shiwu/hongguozhi
"饮料
  ",惠尔康谷粒谷力玉米南瓜浓浆,热量：44 大卡(每100毫升),http://www.boohee.com/shiwu/guliguliyuminanguanongjiang
"饮料
  ",自制蜂蜜柚子茶,热量：137 大卡(每100毫升),http://www.boohee.com/shiwu/zizhifengmiyouzicha
"饮料
  ",超模17 营养奶昔,热量：359 大卡(每100克),http://www.boohee.com/shiwu/fd10a519
"饮料
  ",葡萄酒（干红，12%，张裕牌）,热量：75 大卡(每100毫升),http://www.boohee.com/shiwu/putaojiu_ganhong_12_zhangyupai
"饮料
  ",蒙牛果蔬酸酸乳,热量：31 大卡(每100毫升),http://www.boohee.com/shiwu/mengniuguoshusuansuanru
"饮料
  ",汇源橙汁饮料,热量：36 大卡(每100毫升),http://www.boohee.com/shiwu/huiyuanchengzhiyinliao
"饮料
  ",巧克力豆奶,热量：39 大卡(每100毫升),http://www.boohee.com/shiwu/qiaokelidounai
"饮料
  ",大麦茶（茶叶本身）,热量：393 大卡(每100克),http://www.boohee.com/shiwu/damaicha
"饮料
  ",麦斯威尔 致醇口味咖啡,热量：365 大卡(每100克),http://www.boohee.com/shiwu/maisiweierzhichunkouweikafei
"饮料
  ",丹特 牌蜂蜜柚子茶,热量：260 大卡(每100克),http://www.boohee.com/shiwu/dantepaifengmiyouzicha
"饮料
  ",橘子汁,热量：119 大卡(每100毫升),http://www.boohee.com/shiwu/juzizhi
"饮料
  ",椰子汁饮料,热量：51 大卡(每100毫升),http://www.boohee.com/shiwu/yezizhiyinliao
"饮料
  ",康师傅 茉莉清茶（淡雅低糖）,热量：16 大卡(每100毫升),http://www.boohee.com/shiwu/kangshifumoliqingcha
"饮料
  ",统一  绿茶（低糖茉莉花味）,热量：16 大卡(每100毫升),http://www.boohee.com/shiwu/tongyilvcha_ditangmolihuawei
"饮料
  ",三得利 乌龙茶（无糖）,热量：0 大卡(每100毫升),http://www.boohee.com/shiwu/sandeliwulongchahiwutanghi
"饮料
  ",康师傅 茉莉蜜茶,热量：31 大卡(每100毫升),http://www.boohee.com/shiwu/kangshifumolimicha
"饮料
  ",花茶（花茶本身）,热量：316 大卡(每100克),http://www.boohee.com/shiwu/huacha
"饮料
  ",胡萝卜汁饮料,热量：24 大卡(每100毫升),http://www.boohee.com/shiwu/huluobozhiyinliao
"食用油、油脂及制品
  ",佳之选 橄榄油,热量：823 大卡(每100克),http://www.boohee.com/shiwu/jiazhixuanpaiganlanyou
"食用油、油脂及制品
  ",金牛 芝麻油,热量：899 大卡(每100克),http://www.boohee.com/shiwu/xiangyou13
"食用油、油脂及制品
  ",坎诺拉健康黄油,热量：700 大卡(每100克),http://www.boohee.com/shiwu/kannuolajiankanghuangyou
"食用油、油脂及制品
  ",olivoila 初榨橄榄油,热量：884 大卡(每100克),http://www.boohee.com/shiwu/olivoilachuzhaganlanyou
"食用油、油脂及制品
  ",融氏纯玉米油,热量：860 大卡(每100克),http://www.boohee.com/shiwu/rongshichunyumiyou
"食用油、油脂及制品
  ",安佳 淡奶油,热量：350 大卡(每100克),http://www.boohee.com/shiwu/anjiadannaiyou
"食用油、油脂及制品
  ",黄油渣,热量：599 大卡(每100克),http://www.boohee.com/shiwu/huangyouzha
"食用油、油脂及制品
  ",牛油(炼),热量：898 大卡(每100克),http://www.boohee.com/shiwu/niuyou_lian
"食用油、油脂及制品
  ",光明植物黄油,热量：719 大卡(每100克),http://www.boohee.com/shiwu/guangmingzhiwuhuangyou2
"食用油、油脂及制品
  ",雀巢 三花全脂淡奶,热量：141 大卡(每100克),http://www.boohee.com/shiwu/quechaosanhuaquanzhidannai
"食用油、油脂及制品
  ",色拉油,热量：898 大卡(每100克),http://www.boohee.com/shiwu/selayou
"食用油、油脂及制品
  ",花生油,热量：899 大卡(每100克),http://www.boohee.com/shiwu/huashengyou
"食用油、油脂及制品
  ",豆油,热量：899 大卡(每100克),http://www.boohee.com/shiwu/douyou
"食用油、油脂及制品
  ",混合油(菜+棕),热量：900 大卡(每100克),http://www.boohee.com/shiwu/hunheyou_caizong
"食用油、油脂及制品
  ",葵花籽油,热量：899 大卡(每100克),http://www.boohee.com/shiwu/kuihuaziyou
"食用油、油脂及制品
  ",橄榄油,热量：899 大卡(每100克),http://www.boohee.com/shiwu/ganlanyou
"食用油、油脂及制品
  ",菜籽油,热量：899 大卡(每100克),http://www.boohee.com/shiwu/caiziyou
"食用油、油脂及制品
  ",辣椒油,热量：900 大卡(每100克),http://www.boohee.com/shiwu/lajiaoyou
"食用油、油脂及制品
  ",芝麻油,热量：898 大卡(每100克),http://www.boohee.com/shiwu/zhimayou
"食用油、油脂及制品
  ",金龙鱼食用调和油,热量：884 大卡(每100克),http://www.boohee.com/shiwu/jinlongyushiyongdiaoheyou
"食用油、油脂及制品
  ",核桃油,热量：895 大卡(每100克),http://www.boohee.com/shiwu/hetaoyou
"食用油、油脂及制品
  ",椰子油,热量：898 大卡(每100克),http://www.boohee.com/shiwu/yeziyou
"食用油、油脂及制品
  ",统一纯橄榄油,热量：818 大卡(每100克),http://www.boohee.com/shiwu/tongyichunganlanyou
"食用油、油脂及制品
  ",酥油,热量：860 大卡(每100克),http://www.boohee.com/shiwu/suyou
"食用油、油脂及制品
  ",HOMEBRAND鲜奶油,热量：331 大卡(每100克),http://www.boohee.com/shiwu/HOMEBRANDxiannaiyou
"食用油、油脂及制品
  ",Allowuie zero黄油,热量：733 大卡(每100克),http://www.boohee.com/shiwu/Allowuiehizerohuangyou
"食用油、油脂及制品
  ",Land Lakes油菜籽植物黄油,热量：714 大卡(每100克),http://www.boohee.com/shiwu/youcaizizhiwuhuangyou
"食用油、油脂及制品
  ",米糠油,热量：894 大卡(每100克),http://www.boohee.com/shiwu/mikangyou
"食用油、油脂及制品
  ",卡拉利特级橄榄油,热量：822 大卡(每100克),http://www.boohee.com/shiwu/kalalitejiganlanyou
"食用油、油脂及制品
  ",羊油(炼),热量：895 大卡(每100克),http://www.boohee.com/shiwu/yangyou_lian
"食用油、油脂及制品
  ",棕榈油,热量：900 大卡(每100克),http://www.boohee.com/shiwu/zonglvyou
"食用油、油脂及制品
  ",麦芽油,热量：899 大卡(每100克),http://www.boohee.com/shiwu/maiyayou
"食用油、油脂及制品
  ",油茶籽油,热量：898 大卡(每100克),http://www.boohee.com/shiwu/youchaziyou
"食用油、油脂及制品
  ",（AGIA）阿茜娅纯橄榄油,热量：878 大卡(每100克),http://www.boohee.com/shiwu/_AGIAaqianyachunganlanyou
"食用油、油脂及制品
  ",Somerfield 纯菜油,热量：900 大卡(每100克),http://www.boohee.com/shiwu/Somerfieldchuncaiyou
"食用油、油脂及制品
  ",羊油,热量：824 大卡(每100克),http://www.boohee.com/shiwu/yangyou
"食用油、油脂及制品
  ",棉籽油,热量：899 大卡(每100克),http://www.boohee.com/shiwu/mianziyou
"食用油、油脂及制品
  ",白脱(食品工业),热量：744 大卡(每100克),http://www.boohee.com/shiwu/baituo_shipingongye
"食用油、油脂及制品
  ",珠江 桥牌小磨芝麻油,热量：900 大卡(每100克),http://www.boohee.com/shiwu/zhujiangqiaopaixiaomozhimayou
"食用油、油脂及制品
  ",鸭油(炼),热量：897 大卡(每100克),http://www.boohee.com/shiwu/yayou_lian
"食用油、油脂及制品
  ",猪油(板油),热量：827 大卡(每100克),http://www.boohee.com/shiwu/zhuyou_banyou
"食用油、油脂及制品
  ",玉米油,热量：895 大卡(每100克),http://www.boohee.com/shiwu/yumiyou
"食用油、油脂及制品
  ",香油,热量：898 大卡(每100克),http://www.boohee.com/shiwu/xiangyou
"食用油、油脂及制品
  ",黄油,热量：888 大卡(每100克),http://www.boohee.com/shiwu/huangyou
"食用油、油脂及制品
  ",欧丽薇兰特级初榨橄榄油,热量：814 大卡(每100克),http://www.boohee.com/shiwu/ouliweilantejichuzhaganlanyou
"食用油、油脂及制品
  ",金龙鱼 玉米油,热量：884 大卡(每100克),http://www.boohee.com/shiwu/jinlongyuyumiyou
"食用油、油脂及制品
  ",胡麻油,热量：900 大卡(每100克),http://www.boohee.com/shiwu/humayou
"食用油、油脂及制品
  ",粟米油,热量：900 大卡(每100克),http://www.boohee.com/shiwu/sumiyou
"食用油、油脂及制品
  ",茶油,热量：899 大卡(每100克),http://www.boohee.com/shiwu/chayou
"食用油、油脂及制品
  ",大麻油,热量：899 大卡(每100克),http://www.boohee.com/shiwu/damayou
"食用油、油脂及制品
  ",Aurora 橄榄油,热量：800 大卡(每100毫升),http://www.boohee.com/shiwu/fd085d35
"食用油、油脂及制品
  ",幸福小农 黑豆油,热量：891 大卡(每100毫升),http://www.boohee.com/shiwu/fd4f7014
"食用油、油脂及制品
  ",欧蒂斯 初榨橄榄油,热量：884 大卡(每100毫升),http://www.boohee.com/shiwu/fd4dd770
"食用油、油脂及制品
  ",可可汇 初榨椰子油,热量：880 大卡(每100毫升),http://www.boohee.com/shiwu/fd65d63f
"食用油、油脂及制品
  ",多美鲜 无盐黄油,热量：179 大卡(每100克),http://www.boohee.com/shiwu/duomeixianhisukihiwuyanhuangyo
"食用油、油脂及制品
  ",弗朗多 特级初榨橄榄油,热量：884 大卡(每100克),http://www.boohee.com/shiwu/fd50785d
"食用油、油脂及制品
  ",欧丽薇兰 特级初榨橄榄油,热量：884 大卡(每100毫升),http://www.boohee.com/shiwu/fd3ea0de
"食用油、油脂及制品
  ",椰汇 初榨椰子油,热量：883 大卡(每100克),http://www.boohee.com/shiwu/fde111e9
"食用油、油脂及制品
  ",雪印黄油,热量：638 大卡(每100克),http://www.boohee.com/shiwu/xueyinhuangyou
"食用油、油脂及制品
  ",merci chef!/厨师之选 咸味黄油,热量：714 大卡(每100克),http://www.boohee.com/shiwu/fd10cd00
"食用油、油脂及制品
  ",Lucerne  鲜奶油,热量：300 大卡(每100克),http://www.boohee.com/shiwu/fdc389a0
"食用油、油脂及制品
  ",金龙鱼 纯香大豆油,热量：884 大卡(每100毫升),http://www.boohee.com/shiwu/fd59f393
"食用油、油脂及制品
  ",柯可兰 特级冷压初榨橄榄油,热量：824 大卡(每100毫升),http://www.boohee.com/shiwu/fd371554
"食用油、油脂及制品
  ",福来康泰 紫苏籽油,热量：884 大卡(每100毫升),http://www.boohee.com/shiwu/fdcb7581
"食用油、油脂及制品
  ",Gold'n Canola Ω-3油,热量：813 大卡(每100克),http://www.boohee.com/shiwu/fdf20906
"食用油、油脂及制品
  ",爱度 六度提纯亚麻籽油,热量：883 大卡(每100毫升),http://www.boohee.com/shiwu/fd6245ac
"食用油、油脂及制品
  ",香必居 鲜花椒油,热量：883 大卡(每100毫升),http://www.boohee.com/shiwu/fdca4961
"食用油、油脂及制品
  ",长白工坊 有机南瓜籽油,热量：884 大卡(每100毫升),http://www.boohee.com/shiwu/changbaigongfanghiyoujinanguaz
"食用油、油脂及制品
  ",蓝多胡/Land O Lakes 喷射低脂鲜奶油,热量：300 大卡(每100克),http://www.boohee.com/shiwu/LandhiOhiLakeshilanduohuhipens
"食用油、油脂及制品
  ",福来康泰 有机冷榨亚麻籽油,热量：883 大卡(每100毫升),http://www.boohee.com/shiwu/fdda04f9
"食用油、油脂及制品
  ",安佳 黄油（有盐）,热量：733 大卡(每100克),http://www.boohee.com/shiwu/anjiahuangyou_youyan
"食用油、油脂及制品
  ",梅赛德斯 特级初榨橄榄油,热量：810 大卡(每100毫升),http://www.boohee.com/shiwu/fd3a32d9
"食用油、油脂及制品
  ",福来康泰 亚麻籽玉米食用调和油,热量：883 大卡(每100毫升),http://www.boohee.com/shiwu/fd44c710
"食用油、油脂及制品
  ",Terra Creta/克里特之光 特级初榨橄榄油,热量：814 大卡(每100毫升),http://www.boohee.com/shiwu/fd68fce3
"食用油、油脂及制品
  ",福临门 纯香大豆油（非转基因）,热量：883 大卡(每100克),http://www.boohee.com/shiwu/fdbd53be
"食用油、油脂及制品
  ",蜀九香 芝麻调和油,热量：884 大卡(每100毫升),http://www.boohee.com/shiwu/fd4f7af3
"食用油、油脂及制品
  ",拉杜蓝乔 压榨亚麻籽油,热量：884 大卡(每100毫升),http://www.boohee.com/shiwu/fd7f0621
"食用油、油脂及制品
  ",西王智利多 有机亚麻籽油,热量：883 大卡(每100毫升),http://www.boohee.com/shiwu/fd1e8100
"食用油、油脂及制品
  ",长白工坊 有机婴幼儿装亚麻籽油,热量：884 大卡(每100毫升),http://www.boohee.com/shiwu/changbaigongfanghiyoujiyingyou
"食用油、油脂及制品
  ",Balade 低脂黄油,热量：386 大卡(每100克),http://www.boohee.com/shiwu/fd3bbfb7
"食用油、油脂及制品
  ",常春 淡奶油（麻辣味）,热量：350 大卡(每100克),http://www.boohee.com/shiwu/yingerpeifangnaifen_wandashanpai
"食用油、油脂及制品
  ",PAMS超淡橄榄油,热量：810 大卡(每100克),http://www.boohee.com/shiwu/PAMSchaodanganlanyou
"食用油、油脂及制品
  ",阿尔法 辣米油,热量：844 大卡(每100克),http://www.boohee.com/shiwu/yingerpeifangnaifen_shengyuanpai
"食用油、油脂及制品
  ",红花油,热量：899 大卡(每100克),http://www.boohee.com/shiwu/honghuayou
"食用油、油脂及制品
  ",天然世家 野生铁核桃油,热量：884 大卡(每100毫升),http://www.boohee.com/shiwu/fd7654fd
"食用油、油脂及制品
  ",福临门 天天五谷食用调和油,热量：883 大卡(每100毫升),http://www.boohee.com/shiwu/fdfbdaa7
"食用油、油脂及制品
  ",Lactima 牛油（无盐）,热量：740 大卡(每100克),http://www.boohee.com/shiwu/fdff787b
"食用油、油脂及制品
  ",长生 特级初榨橄榄油,热量：877 大卡(每100克),http://www.boohee.com/shiwu/changshengtejichuzhaganlanyou
"食用油、油脂及制品
  ",明治 高纤黄油,热量：265 大卡(每100毫升),http://www.boohee.com/shiwu/fdeb1c8b
"食用油、油脂及制品
  ",百尚 淡黄油块,热量：731 大卡(每100克),http://www.boohee.com/shiwu/fd675235
"食用油、油脂及制品
  ",Cocoyummy 有机农椰子油,热量：802 大卡(每100毫升),http://www.boohee.com/shiwu/fd530cb1
"食用油、油脂及制品
  ",Sparta Tree 黄金树亚麻籽油,热量：884 大卡(每100毫升),http://www.boohee.com/shiwu/fd44c875
"食用油、油脂及制品
  ",优飨 纯正亚麻籽油,热量：884 大卡(每100毫升),http://www.boohee.com/shiwu/fdb72e22
"食用油、油脂及制品
  ",珏士高 初榨椰子油,热量：820 大卡(每100克),http://www.boohee.com/shiwu/fd6f8381
"食用油、油脂及制品
  ",Mabarajab's Choice 酥油,热量：884 大卡(每100克),http://www.boohee.com/shiwu/fd98ba39
"食用油、油脂及制品
  ",蒙草香 亚麻籽油,热量：884 大卡(每100毫升),http://www.boohee.com/shiwu/fd6d9057
"食用油、油脂及制品
  ",纵宝 蟹黄油,热量：406 大卡(每100克),http://www.boohee.com/shiwu/fda3e055
"食用油、油脂及制品
  ",马赛罗 特级初榨橄榄油,热量：807 大卡(每100毫升),http://www.boohee.com/shiwu/fdc39405
"食用油、油脂及制品
  ",五丰 花椒油,热量：805 大卡(每100毫升),http://www.boohee.com/shiwu/fd9d8467
"食用油、油脂及制品
  ",保生堂 亚麻籽油,热量：884 大卡(每100毫升),http://www.boohee.com/shiwu/fd4ab052
"调味品
  ",蜂蜜,热量：321 大卡(每100克),http://www.boohee.com/shiwu/fengmi
"调味品
  ",白砂糖,热量：400 大卡(每100克),http://www.boohee.com/shiwu/baishatang
"调味品
  ",蜂蜜（槐花）,热量：361 大卡(每100克),http://www.boohee.com/shiwu/fengmi_huaihua
"调味品
  ",红糖,热量：389 大卡(每100克),http://www.boohee.com/shiwu/hongtang
"调味品
  ",榨菜,热量：33 大卡(每100克),http://www.boohee.com/shiwu/zhacai
"调味品
  ",酱油,热量：63 大卡(每100克),http://www.boohee.com/shiwu/jiangyou_junzhi
"调味品
  ",醋,热量：31 大卡(每100克),http://www.boohee.com/shiwu/cu_junzhi
"调味品
  ",芝麻酱,热量：630 大卡(每100克),http://www.boohee.com/shiwu/zhimajiang
"调味品
  ",腐乳(红),热量：153 大卡(每100克),http://www.boohee.com/shiwu/furu_hong
"调味品
  ",腐乳(白),热量：135 大卡(每100克),http://www.boohee.com/shiwu/furu_bai
"调味品
  ",花生酱,热量：600 大卡(每100克),http://www.boohee.com/shiwu/huashengjiang
"调味品
  ",红豆沙,热量：244 大卡(每100克),http://www.boohee.com/shiwu/hongdousha
"调味品
  ",辣椒酱,热量：36 大卡(每100毫升),http://www.boohee.com/shiwu/lajiaojiang
"调味品
  ",味精,热量：268 大卡(每100克),http://www.boohee.com/shiwu/weijing
"调味品
  ",榨菜（鱼泉牌）,热量：51 大卡(每100克),http://www.boohee.com/shiwu/zhacai_yuquanpai
"调味品
  ",冰糖,热量：397 大卡(每100克),http://www.boohee.com/shiwu/bingtang
"调味品
  ",鸡精,热量：195 大卡(每100克),http://www.boohee.com/shiwu/jijing
"调味品
  ",番茄酱,热量：83 大卡(每100克),http://www.boohee.com/shiwu/fanqiejiang
"调味品
  ",绵白糖,热量：396 大卡(每100克),http://www.boohee.com/shiwu/mianbaitang
"调味品
  ",食盐,热量：0 大卡(每100克),http://www.boohee.com/shiwu/jingyan
"调味品
  ",沙拉酱（色拉酱）,热量：724 大卡(每100克),http://www.boohee.com/shiwu/shalajiang
"调味品
  ",豆瓣酱,热量：181 大卡(每100克),http://www.boohee.com/shiwu/doubanjiang
"调味品
  ",豆沙,热量：247 大卡(每100克),http://www.boohee.com/shiwu/dousha
"调味品
  ",榨菜（正林牌）,热量：63 大卡(每100克),http://www.boohee.com/shiwu/zhacai_zhenglinpai
"调味品
  ",甜面酱,热量：139 大卡(每100克),http://www.boohee.com/shiwu/tianmianjiang
"调味品
  ",酱黄瓜,热量：26 大卡(每100克),http://www.boohee.com/shiwu/jianghuanggua
"调味品
  ",千岛沙拉酱,热量：475 大卡(每100克),http://www.boohee.com/shiwu/qiandaoshalajiang
"调味品
  ",雪菜,热量：39 大卡(每100克),http://www.boohee.com/shiwu/xuecai
"调味品
  ",番茄沙司,热量：112 大卡(每100克),http://www.boohee.com/shiwu/fanqieshasi
"调味品
  ",白醋,热量：6 大卡(每100克),http://www.boohee.com/shiwu/baicu
"调味品
  ",苹果酱,热量：278 大卡(每100克),http://www.boohee.com/shiwu/pingguojiang
"调味品
  ",宫岛 橄榄菜,热量：358 大卡(每100克),http://www.boohee.com/shiwu/gongdaoganlancai
"调味品
  ",辣椒粉,热量：290 大卡(每100克),http://www.boohee.com/shiwu/lajiaofen
"调味品
  ",蜂蜜（油菜花）,热量：338 大卡(每100克),http://www.boohee.com/shiwu/fengmi_youcaihua
"调味品
  ",利民 蒜蓉辣酱,热量：96 大卡(每100克),http://www.boohee.com/shiwu/suanronglajiang
"调味品
  ",胡椒粉,热量：361 大卡(每100克),http://www.boohee.com/shiwu/hujiaofen
"调味品
  ",腌雪里蕻,热量：29 大卡(每100克),http://www.boohee.com/shiwu/axuelihong
"调味品
  ",草莓酱,热量：270 大卡(每100克),http://www.boohee.com/shiwu/caomeijiang
"调味品
  ",五香豆豉,热量：270 大卡(每100克),http://www.boohee.com/shiwu/wuxiangdouchi
"调味品
  ",豆瓣酱(辣油),热量：188 大卡(每100克),http://www.boohee.com/shiwu/doubanjiang_layou
"调味品
  ",腐乳(香辣味）,热量：158 大卡(每100克),http://www.boohee.com/shiwu/furu_xianglawei
"调味品
  ",牛肉酱（阿香婆）,热量：488 大卡(每100克),http://www.boohee.com/shiwu/niuroujiang_axiangpo
"调味品
  ",红豆馅,热量：261 大卡(每100克),http://www.boohee.com/shiwu/hongdouxian
"调味品
  ",豆瓣辣酱,热量：73 大卡(每100克),http://www.boohee.com/shiwu/doubanlajiang
"调味品
  ",麻辣酱,热量：145 大卡(每100克),http://www.boohee.com/shiwu/malajiang
"调味品
  ",糟豆腐乳,热量：157 大卡(每100克),http://www.boohee.com/shiwu/zaodoufuru
"调味品
  ",广乐香辣咸菜,热量：60 大卡(每100克),http://www.boohee.com/shiwu/guanglexianglaxiancai
"调味品
  ",腐乳(臭),热量：132 大卡(每100克),http://www.boohee.com/shiwu/furu_chou
"调味品
  ",酱油(高级),热量：71 大卡(每100克),http://www.boohee.com/shiwu/jiangyou_gaoji
"调味品
  ",陈醋,热量：114 大卡(每100克),http://www.boohee.com/shiwu/chencu
"调味品
  ",腌芥菜头,热量：44 大卡(每100克),http://www.boohee.com/shiwu/ajiecaitou
"调味品
  ",家乐牌浓汤宝（牛肉味）,热量：184 大卡(每100克),http://www.boohee.com/shiwu/jialepainongtangbao_niurouwei
"调味品
  ",五香醋,热量：14 大卡(每100克),http://www.boohee.com/shiwu/wuxiangcu
"调味品
  ",家乐牌浓汤宝（浓滑鱼汤）,热量：161 大卡(每100克),http://www.boohee.com/shiwu/jialepainongtangbao_nonghuayutang
"调味品
  ",黄豆酱油,热量：38 大卡(每100克),http://www.boohee.com/shiwu/huangdoujiangyou
"调味品
  ",光明奶酪酱（原味）,热量：276 大卡(每100克),http://www.boohee.com/shiwu/guangmingnailaojiang_yuanwei
"调味品
  ",腌韭菜花,热量：17 大卡(每100克),http://www.boohee.com/shiwu/ajiucaihua
"调味品
  ",花生酱（加巧克力）,热量：633 大卡(每100克),http://www.boohee.com/shiwu/huashengjiang_jiaqiaokeli
"调味品
  ",家乐牌海鲜汤,热量：323 大卡(每100克),http://www.boohee.com/shiwu/jialepaihaixiantang
"调味品
  ",海会寺白菜豆腐乳,热量：93 大卡(每100克),http://www.boohee.com/shiwu/haihuisibaicaidoufuru
"调味品
  ",海鲜酱（阿香婆）,热量：492 大卡(每100克),http://www.boohee.com/shiwu/haixianjiang_axiangpo
"调味品
  ",面包屑,热量：355 大卡(每100克),http://www.boohee.com/shiwu/mianbaoxie
"调味品
  ",家乐浓汤宝（老母鸡汤）,热量：171 大卡(每100克),http://www.boohee.com/shiwu/jialenongtangbao
"调味品
  ",葱伴侣大酱 袋装180g,热量：139 大卡(每100克),http://www.boohee.com/shiwu/congbanlvdajiang
"调味品
  ",喜璐 果爱草莓果酱（无糖）,热量：105 大卡(每100克),http://www.boohee.com/shiwu/heliosguoaicaomeiguojianghiwutanghi
"调味品
  ",牛头牌 沙茶酱,热量：757 大卡(每100克),http://www.boohee.com/shiwu/niutoupaishachajiang
"调味品
  ",黄酱,热量：138 大卡(每100克),http://www.boohee.com/shiwu/huangjiang
"调味品
  ",腐乳（白，王致和牌）[酱豆腐],热量：153 大卡(每100克),http://www.boohee.com/shiwu/furu_bai_wangzhihepai_jiangdoufu
"调味品
  ",甜辣黄瓜,热量：102 大卡(每100克),http://www.boohee.com/shiwu/tianlahuanggua
"调味品
  ",酱油(一级),热量：66 大卡(每100克),http://www.boohee.com/shiwu/jiangyou_yiji
"调味品
  ",花椒,热量：316 大卡(每100克),http://www.boohee.com/shiwu/huajiao
"调味品
  ",萝卜干,热量：67 大卡(每100克),http://www.boohee.com/shiwu/luobogan
"调味品
  ",SMUCKER'S红树莓果酱,热量：250 大卡(每100克),http://www.boohee.com/shiwu/SMUCKERhiShongshumeiguojiang
"调味品
  ",TEDDIE 花生酱(颗粒),热量：594 大卡(每100克),http://www.boohee.com/shiwu/TEDDIEhiPEANUThiBUTTERhihiCHUNKYhi
"调味品
  ",牛肉辣瓣酱,热量：129 大卡(每100克),http://www.boohee.com/shiwu/niuroulabanjiang
"调味品
  ",腐乳（白，石宝寨牌）[酱豆腐],热量：115 大卡(每100克),http://www.boohee.com/shiwu/furu_bai_shibaozhaipai_jiangdoufu
"调味品
  ",酱油(多味),热量：86 大卡(每100克),http://www.boohee.com/shiwu/jiangyou_duowei
"调味品
  ",酱蘑菇,热量：122 大卡(每100克),http://www.boohee.com/shiwu/jiangmogu
"调味品
  ",酸辣紫菜汤,热量：339 大卡(每100克),http://www.boohee.com/shiwu/suanlazicaitang
"调味品
  ",八宝菜,热量：78 大卡(每100克),http://www.boohee.com/shiwu/babaocai
"调味品
  ",剁辣椒,热量：42 大卡(每100克),http://www.boohee.com/shiwu/duolajiao
"调味品
  ",咖喱粉,热量：341 大卡(每100克),http://www.boohee.com/shiwu/kalifen
"调味品
  ",香油辣酱,热量：67 大卡(每100克),http://www.boohee.com/shiwu/xiangyoulajiang
"调味品
  ",酱花生米,热量：367 大卡(每100克),http://www.boohee.com/shiwu/jianghuashengmi
"调味品
  ",生抽,热量：20 大卡(每100克),http://www.boohee.com/shiwu/shengchou
"调味品
  ",酱油(三鲜),热量：41 大卡(每100克),http://www.boohee.com/shiwu/jiangyou_sanxian
"调味品
  ",太古 纯正方糖,热量：400 大卡(每100克),http://www.boohee.com/shiwu/taiguchunzhengfangtang
"调味品
  ",蒜头(甜),热量：117 大卡(每100克),http://www.boohee.com/shiwu/suantou_tian
"调味品
  ",蜂蜜（硬蜜）,热量：328 大卡(每100克),http://www.boohee.com/shiwu/fengmi_yingmi
"调味品
  ",鱼泉榨菜（低盐）,热量：57 大卡(每100克),http://www.boohee.com/shiwu/yuquanzhacaihidiyanhi
"调味品
  ",美极 酸辣汤料,热量：323 大卡(每100克),http://www.boohee.com/shiwu/meijisuanlatangliao
"调味品
  ",什锦菜,热量：38 大卡(每100克),http://www.boohee.com/shiwu/shijincai
"调味品
  ",五香粉,热量：359 大卡(每100克),http://www.boohee.com/shiwu/wuxiangfen
"调味品
  ",香醋,热量：68 大卡(每100克),http://www.boohee.com/shiwu/xiangcu
"调味品
  ",酱大头菜,热量：41 大卡(每100克),http://www.boohee.com/shiwu/jiangdatoucai
"调味品
  ",鱼子酱,热量：201 大卡(每100克),http://www.boohee.com/shiwu/yuzijiang
"调味品
  ",鱼泉牌鲜香榨菜,热量：74 大卡(每100克),http://www.boohee.com/shiwu/yuquanpaixianxiangzhacai
"调味品
  ",家乐番茄沙司,热量：94 大卡(每100克),http://www.boohee.com/shiwu/jialefanqieshasi
"调味品
  ",老抽,热量：129 大卡(每100克),http://www.boohee.com/shiwu/laochou
"调味品
  ",芙蓉荟蔬汤,热量：388 大卡(每100克),http://www.boohee.com/shiwu/furongxianshutang
"零食、点心、冷饮
  ",薄荷 冻干草莓巧克力,热量：526 大卡(每100克),http://www.boohee.com/shiwu/baohedonggancaomeiqiaokeli
"零食、点心、冷饮
  ",薄荷松仁粽子糖,热量：406 大卡(每100克),http://www.boohee.com/shiwu/baohesongrenzongzitang
"零食、点心、冷饮
  ",巧克力,热量：589 大卡(每100克),http://www.boohee.com/shiwu/qiaokeli
"零食、点心、冷饮
  ",冰淇淋,热量：127 大卡(每100克),http://www.boohee.com/shiwu/bingqilin
"零食、点心、冷饮
  ",红薯干,热量：338 大卡(每100克),http://www.boohee.com/shiwu/diguagan
"零食、点心、冷饮
  ",培根汉堡（夹熏肉，奶酪，加调料酱）,热量：311 大卡(每100克),http://www.boohee.com/shiwu/ganlaohanbaobao_jiaxunrou_jiadiaoliaojiang
"零食、点心、冷饮
  ",Easy S 意式咖啡包（奶萃）,热量：0 大卡(每100克),http://www.boohee.com/shiwu/fd582672
"零食、点心、冷饮
  ",绿豆饼（少糖少油）,热量：122 大卡(每100克),http://www.boohee.com/shiwu/lvdoubing
"零食、点心、冷饮
  ",苏打饼干,热量：408 大卡(每100克),http://www.boohee.com/shiwu/sudabinggan
"零食、点心、冷饮
  ",麻花,热量：527 大卡(每100克),http://www.boohee.com/shiwu/mahua
"零食、点心、冷饮
  ",巧克力(维夫),热量：575 大卡(每100克),http://www.boohee.com/shiwu/qiaokeli_weifu
"零食、点心、冷饮
  ",奶糖,热量：407 大卡(每100克),http://www.boohee.com/shiwu/naitang
"零食、点心、冷饮
  ",曲奇饼,热量：546 大卡(每100克),http://www.boohee.com/shiwu/quqibing
"零食、点心、冷饮
  ",蛋糕（巧克力）,热量：437 大卡(每100克),http://www.boohee.com/shiwu/dangao_qiaokeli
"零食、点心、冷饮
  ",奶油饼干,热量：431 大卡(每100克),http://www.boohee.com/shiwu/naiyoubinggan
"零食、点心、冷饮
  ",酥皮糕点,热量：429 大卡(每100克),http://www.boohee.com/shiwu/supigaodian
"零食、点心、冷饮
  ",和路雪绿豆妹妹冰棍,热量：120 大卡(每100克),http://www.boohee.com/shiwu/heluxuelvdoumeimeibinggun
"零食、点心、冷饮
  ",面包条（白）,热量：283 大卡(每100克),http://www.boohee.com/shiwu/mianbaotiao_bai
"零食、点心、冷饮
  ",肯德基 薯条,热量：298 大卡(每100克),http://www.boohee.com/shiwu/shutiao_kendeji
"零食、点心、冷饮
  ",爆米花,热量：387 大卡(每100克),http://www.boohee.com/shiwu/baomihua
"零食、点心、冷饮
  ",Easy Fun 意式阿拉棒,热量：396 大卡(每100克),http://www.boohee.com/shiwu/fd251529
"零食、点心、冷饮
  ",Easy Fun 0卡果冻（奶咖风味）,热量：0 大卡(每100克),http://www.boohee.com/shiwu/fdf33d35
"零食、点心、冷饮
  ",Easy Fun 0卡醉醉冻（酒酿风味）,热量：0 大卡(每100克),http://www.boohee.com/shiwu/fd07b5d7
"零食、点心、冷饮
  ",和路雪 轻优蛋白质豆乳雪糕,热量：112 大卡(每100克),http://www.boohee.com/shiwu/fdd2b2b1
"零食、点心、冷饮
  ",和路雪 轻优低脂香草味雪糕,热量：105 大卡(每100克),http://www.boohee.com/shiwu/fd5f7db9
"零食、点心、冷饮
  ",饼干,热量：435 大卡(每100克),http://www.boohee.com/shiwu/binggan_junzhi
"零食、点心、冷饮
  ",蛋糕(黄蛋糕),热量：320 大卡(每100克),http://www.boohee.com/shiwu/dangao_huangdangao
"零食、点心、冷饮
  ",薄荷 巧克力爆米花,热量：556 大卡(每100克),http://www.boohee.com/shiwu/baoheqiaokelibaomihua
"零食、点心、冷饮
  ",薄荷 坚果巧克力豆,热量：625 大卡(每100克),http://www.boohee.com/shiwu/baohejianguoqiaokelidou
"零食、点心、冷饮
  ",薄荷 巧克力咖啡豆,热量：417 大卡(每100克),http://www.boohee.com/shiwu/baoheqiaokelikafeidou
"零食、点心、冷饮
  ",野 猴肉（腊梅味） ,热量：295 大卡(每100克),http://www.boohee.com/shiwu/nuomifantuan
"零食、点心、冷饮
  ",山楂球,热量：371 大卡(每100克),http://www.boohee.com/shiwu/shanchaqiu
"零食、点心、冷饮
  ",德芙 香浓黑巧克力,热量：542 大卡(每100克),http://www.boohee.com/shiwu/defuxiangnongheiqiaokeli
"零食、点心、冷饮
  ",夹心酥饼,热量：482 大卡(每100克),http://www.boohee.com/shiwu/jiaxinsubing
"零食、点心、冷饮
  ",月饼(五仁),热量：424 大卡(每100克),http://www.boohee.com/shiwu/yuebing_wuren
"零食、点心、冷饮
  ",锅巴（豆香）,热量：528 大卡(每100克),http://www.boohee.com/shiwu/guoba_douxiang
"零食、点心、冷饮
  ",锅巴（小米）,热量：554 大卡(每100克),http://www.boohee.com/shiwu/guoba_xiaomi
"零食、点心、冷饮
  ",薯片（烧烤味）,热量：548 大卡(每100克),http://www.boohee.com/shiwu/shupian_shaokaowei
"零食、点心、冷饮
  ",冰棍,热量：47 大卡(每100克),http://www.boohee.com/shiwu/binggun
"零食、点心、冷饮
  ",板油酥饼,热量：360 大卡(每100克),http://www.boohee.com/shiwu/banyousubing
"零食、点心、冷饮
  ",奶油蛋糕,热量：379 大卡(每100克),http://www.boohee.com/shiwu/naiyoudangao
"零食、点心、冷饮
  ",佳梅 真之话梅,热量：180 大卡(每100克),http://www.boohee.com/shiwu/jiameizhenzhihuamei
"零食、点心、冷饮
  ",月饼(豆沙),热量：411 大卡(每100克),http://www.boohee.com/shiwu/yuebing_dousha
"零食、点心、冷饮
  ",山楂果丹皮,热量：326 大卡(每100克),http://www.boohee.com/shiwu/shanchaguodanpi
"零食、点心、冷饮
  ",蛋糕,热量：348 大卡(每100克),http://www.boohee.com/shiwu/dangao_junzhi
"零食、点心、冷饮
  ",沙琪玛蛋酥,热量：506 大卡(每100克),http://www.boohee.com/shiwu/shaqimadansu
"零食、点心、冷饮
  ",Easy Fun 高蛋白夹心卷（牛奶味）,热量：485 大卡(每100克),http://www.boohee.com/shiwu/fd035e08
"零食、点心、冷饮
  ",单层汉堡（单层肉饼，无调料酱）,热量：316 大卡(每100克),http://www.boohee.com/shiwu/ganlaohanbaobao_putongxing_jiadancengroubing_wudiaoliaojiang
"零食、点心、冷饮
  ",绿豆糕,热量：351 大卡(每100克),http://www.boohee.com/shiwu/lvdougao
"零食、点心、冷饮
  ",西式蛋糕,热量：316 大卡(每100克),http://www.boohee.com/shiwu/xishidangao
"零食、点心、冷饮
  ",桃酥,热量：483 大卡(每100克),http://www.boohee.com/shiwu/taosu
"零食、点心、冷饮
  ",时兴隆鱿鱼丝,热量：333 大卡(每100克),http://www.boohee.com/shiwu/shixinglongyouyusi
"零食、点心、冷饮
  ",百乐宝 巧克力雪糕,热量：174 大卡(每100克),http://www.boohee.com/shiwu/bailebaoqiaokelixuegao
"零食、点心、冷饮
  ",大雪糕,热量：74 大卡(每100克),http://www.boohee.com/shiwu/daxuegao
"零食、点心、冷饮
  ",饼干（苏打夹心）,热量：463 大卡(每100克),http://www.boohee.com/shiwu/binggan_sudajiaxin
"零食、点心、冷饮
  ",好丽友 蛋黄派[注心蛋黄派],热量：448 大卡(每100克),http://www.boohee.com/shiwu/haoliyoudanhuangpaihizhuxindanhuangpaihi
"零食、点心、冷饮
  ",和路雪 红豆冰棍 ,热量：91 大卡(每100克),http://www.boohee.com/shiwu/heluxuehongdoubinggunhi
"零食、点心、冷饮
  ",牛奶糖,热量：435 大卡(每100克),http://www.boohee.com/shiwu/niunaitang
"零食、点心、冷饮
  ",太平 梳打饼干海苔口味,热量：485 大卡(每100克),http://www.boohee.com/shiwu/taipingshudabinggan-haitaikouwei
"零食、点心、冷饮
  ",鸡汁味干脆面（面饼+调味料）,热量：505 大卡(每100克),http://www.boohee.com/shiwu/jizhiweigancuimian_mianbingdiaoweiliao
"零食、点心、冷饮
  ",蚕豆(炸),热量：447 大卡(每100克),http://www.boohee.com/shiwu/candou_zha
"零食、点心、冷饮
  ",巧克力（黑）,热量：516 大卡(每100克),http://www.boohee.com/shiwu/qiaokeli_hei
"零食、点心、冷饮
  ",曲奇饼（加奶油）,热量：526 大卡(每100克),http://www.boohee.com/shiwu/quqibing_jianaiyou
"零食、点心、冷饮
  ",酥香兰花豆,热量：419 大卡(每100克),http://www.boohee.com/shiwu/suxianglanhuadou
"零食、点心、冷饮
  ",金色传奇鱿鱼丝（原味）,热量：345 大卡(每100克),http://www.boohee.com/shiwu/jinsechuanqiyouyusi
"零食、点心、冷饮
  ",麦当劳 薯条,热量：242 大卡(每100克),http://www.boohee.com/shiwu/maidanglaoshutiao_zhong
"零食、点心、冷饮
  ",雪米饼,热量：463 大卡(每100克),http://www.boohee.com/shiwu/xuemibing
"零食、点心、冷饮
  ",蛋糕（水果）,热量：347 大卡(每100克),http://www.boohee.com/shiwu/dangao_shuiguo
"零食、点心、冷饮
  ",酥糖,热量：436 大卡(每100克),http://www.boohee.com/shiwu/sutang
"零食、点心、冷饮
  ",水晶糖,热量：395 大卡(每100克),http://www.boohee.com/shiwu/shuijingtang
"零食、点心、冷饮
  ",海苔,热量：270 大卡(每100克),http://www.boohee.com/shiwu/haitai
"零食、点心、冷饮
  ",麦当劳 脆薯饼,热量：308 大卡(每100克),http://www.boohee.com/shiwu/maidanglaocuishubing
"零食、点心、冷饮
  ",维维嚼益嚼（葡萄干+花生）,热量：411 大卡(每100克),http://www.boohee.com/shiwu/weiweijiaoyijiao_putaoganhuasheng
"零食、点心、冷饮
  ",达能 佳钙牛奶甜酥饼干牛奶口味,热量：468 大卡(每100克),http://www.boohee.com/shiwu/danengjiagainiunaitiansubingganniunaikouwei
"零食、点心、冷饮
  ",牛奶饼干,热量：408 大卡(每100克),http://www.boohee.com/shiwu/niunaibinggan
"零食、点心、冷饮
  ",可康 果冻条（苦瓜味）,热量：92 大卡(每100克),http://www.boohee.com/shiwu/babaozhou_wutang_wahahapai
"零食、点心、冷饮
  ",旺旺雪饼（香辣味）,热量：400 大卡(每100克),http://www.boohee.com/shiwu/wangwangxuebing_xianglawei
"零食、点心、冷饮
  ",薯片（香辣味）,热量：555 大卡(每100克),http://www.boohee.com/shiwu/shupian_xianglawei
"零食、点心、冷饮
  ",冰淇凌（脆皮甜筒）,热量：158 大卡(每100克),http://www.boohee.com/shiwu/bingqiling_cuipitiantong
"零食、点心、冷饮
  ",饼干（咸）,热量：496 大卡(每100克),http://www.boohee.com/shiwu/binggan_xian
"零食、点心、冷饮
  ",月饼(枣泥),热量：427 大卡(每100克),http://www.boohee.com/shiwu/yuebing_zaoni
"零食、点心、冷饮
  ",吉百利 怡口莲,热量：416 大卡(每100克),http://www.boohee.com/shiwu/jibailiyikoulian
"零食、点心、冷饮
  ",智神 阿胶蜜枣,热量：314 大卡(每100克),http://www.boohee.com/shiwu/zhishenajiaomizao
"零食、点心、冷饮
  ",蜜麻花,热量：369 大卡(每100克),http://www.boohee.com/shiwu/mimahua
"零食、点心、冷饮
  ",混糖糕点,热量：455 大卡(每100克),http://www.boohee.com/shiwu/huntanggaodian
"零食、点心、冷饮
  ",冰淇凌（巧克力圣代）,热量：173 大卡(每100克),http://www.boohee.com/shiwu/bingqiling_qiaokelishengdai
"零食、点心、冷饮
  ",思朗 纤麸高纤消化饼,热量：473 大卡(每100克),http://www.boohee.com/shiwu/xianfugaoxianxiaohuabinggan
"零食、点心、冷饮
  ",韩国爆米花,热量：430 大卡(每100克),http://www.boohee.com/shiwu/hanguobaomihua
"零食、点心、冷饮
  ",乐事薯片鲜浓番茄味,热量：530 大卡(每100克),http://www.boohee.com/shiwu/leshishupianxiannongfanqiewei
"零食、点心、冷饮
  ",月饼（奶油连芸）,热量：361 大卡(每100克),http://www.boohee.com/shiwu/yuebing_naiyoulianyun
"零食、点心、冷饮
  ",花生芝麻糖,热量：498 大卡(每100克),http://www.boohee.com/shiwu/huashengzhimatang
"零食、点心、冷饮
  ",德芙 榛仁巧克力,热量：568 大卡(每100克),http://www.boohee.com/shiwu/defuzhenrenqiaokeli
"零食、点心、冷饮
  ",巧克力（果仁）,热量：511 大卡(每100克),http://www.boohee.com/shiwu/qiaokeli_guoren
"零食、点心、冷饮
  ",鲜桃果汁糖,热量：397 大卡(每100克),http://www.boohee.com/shiwu/xiantaoguozhitang
"零食、点心、冷饮
  ",财记 脆香花生酥,热量：581 大卡(每100克),http://www.boohee.com/shiwu/caijicuixianghuashengsu
"零食、点心、冷饮
  ",德芙 牛奶巧克力和黑巧克力精巧装,热量：543 大卡(每100克),http://www.boohee.com/shiwu/defuniunaiheheiqiaokelijingqiaozhuang
"零食、点心、冷饮
  ",好丽友 蛋黄派（酸奶味）,热量：436 大卡(每100克),http://www.boohee.com/shiwu/haoliyouhidanhuangpaihisuannaiweihi
"零食、点心、冷饮
  ",新家园 烤馍锅巴（比萨风味） 75g,热量：400 大卡(每100克),http://www.boohee.com/shiwu/xinjiayuankaomoguobabisafengwei
"零食、点心、冷饮
  ",棒冰,热量：73 大卡(每100克),http://www.boohee.com/shiwu/bangbing_kelebing
"零食、点心、冷饮
  ",大白兔红豆奶糖,热量：400 大卡(每100克),http://www.boohee.com/shiwu/dabaituhongdounaitang
"其它
  ",麦当劳 麦香鸡,热量：283 大卡(每100克),http://www.boohee.com/shiwu/maidanglao_maixiangji
"其它
  ",油面筋,热量：492 大卡(每100克),http://www.boohee.com/shiwu/youmianjin
"其它
  ",千亿朵星光 益生菌含片(酸甜芒果味),热量：379 大卡(每100克),http://www.boohee.com/shiwu/fde63ca9
"其它
  ",Easy Fun 阿胶糕（玫瑰型）,热量：426 大卡(每100克),http://www.boohee.com/shiwu/fdbce4eb
"其它
  ",Easy Fun 益生元龟苓膏,热量：39 大卡(每100克),http://www.boohee.com/shiwu/fd02353b
"其它
  ",枸杞,热量：258 大卡(每100克),http://www.boohee.com/shiwu/gouqizi
"其它
  ",陈皮,热量：319 大卡(每100克),http://www.boohee.com/shiwu/chenpi
"其它
  ",栝楼根粉,热量：397 大卡(每100克),http://www.boohee.com/shiwu/huafen_youcai
"其它
  ",葛根,热量：181 大卡(每100克),http://www.boohee.com/shiwu/gegen
"其它
  ",阿拉斯加 康力士螺旋藻复合片,热量：335 大卡(每100克),http://www.boohee.com/shiwu/alasijiakanglishiluoxuanzaofuhepian
"其它
  ",肉桂,热量：278 大卡(每100克),http://www.boohee.com/shiwu/rougui
"其它
  ",茯苓,热量：178 大卡(每100克),http://www.boohee.com/shiwu/fulian
"其它
  ",乳儿糕,热量：366 大卡(每100克),http://www.boohee.com/shiwu/ruergao
"其它
  ",DHC浓缩膳食纤维粉,热量：194 大卡(每100克),http://www.boohee.com/shiwu/DHCnongsuoshanshixianweifen
"其它
  ",罗汉果,热量：246 大卡(每100克),http://www.boohee.com/shiwu/luohanguo
"其它
  ",米粉（蔬菜，亨氏）,热量：394 大卡(每100克),http://www.boohee.com/shiwu/mifen_shucai_hengshi
"其它
  ",光明牌切达原味芝士片,热量：299 大卡(每100克),http://www.boohee.com/shiwu/guangmingpaiqiedayuanweizhishipian
"其它
  ",薄荷(鲜),热量：34 大卡(每100克),http://www.boohee.com/shiwu/baohe_xian
"其它
  ",蛇,热量：85 大卡(每100克),http://www.boohee.com/shiwu/she_junzhi
"其它
  ",紫苏(鲜),热量：51 大卡(每100克),http://www.boohee.com/shiwu/zisu_xian
"其它
  ",甘草,热量：280 大卡(每100克),http://www.boohee.com/shiwu/gancao
"其它
  ",米粉（胡萝卜，亨氏）,热量：386 大卡(每100克),http://www.boohee.com/shiwu/mifen_huluobo_hengshi
"其它
  ",冬虫夏草,热量：292 大卡(每100克),http://www.boohee.com/shiwu/dongchongxiacao
"其它
  ",营养乳儿糕,热量：365 大卡(每100克),http://www.boohee.com/shiwu/yingyangruergao
"其它
  ",阿拉斯加 康力士牡蛎提取物软胶囊（含钙）,热量：326 大卡(每100克),http://www.boohee.com/shiwu/alasijiakanglishimulitiquwuruanjiaonang_hangai
"其它
  ",米粉（猪肝蔬菜，亨氏）,热量：391 大卡(每100克),http://www.boohee.com/shiwu/mifen_zhuganshucai_hengshi
"其它
  ",优莎娜纤维素（水蜜桃芒果）,热量：267 大卡(每100克),http://www.boohee.com/shiwu/youshanaxianweisu_shuimitaomangguo
"其它
  ",鸡肝蔬菜泥（亨氏）,热量：76 大卡(每100克),http://www.boohee.com/shiwu/jiganshucaini_hengshi
"其它
  ",米粉（鱼肉蔬菜，亨氏）,热量：383 大卡(每100克),http://www.boohee.com/shiwu/mifen_yuroushucai_hengshi
"其它
  ",白芷,热量：324 大卡(每100克),http://www.boohee.com/shiwu/baizhi
"其它
  ",枣仁,热量：367 大卡(每100克),http://www.boohee.com/shiwu/zaoren
"其它
  ",亨氏 牌婴儿营养米粉DHA蔬菜口味,热量：365 大卡(每100克),http://www.boohee.com/shiwu/hengshipaiyingeryingyangmifenDHAshucaikouwei
"其它
  ",天然元 啤酒酵母复合营养片含B族维生素,热量：120 大卡(每100克),http://www.boohee.com/shiwu/tianranyuanpijiujiaomufuheyingyangpianhanBzuweishengsu
"其它
  ",米粉（高蛋白，雀巢 ）,热量：409 大卡(每100克),http://www.boohee.com/shiwu/mifen_gaodanbai_quechao
"其它
  ",米粉（高蛋白，亨氏）,热量：375 大卡(每100克),http://www.boohee.com/shiwu/mifen_gaodanbai_hengshi
"其它
  ",阿拉斯加 康力士谷物提取物复合片（含全家福多种维生素）,热量：210 大卡(每100克),http://www.boohee.com/shiwu/alasijiakanglishiguwutiquwufuhepian_hanquanjiafuduozhongweishengsu
"其它
  ",婴儿营养粉,热量：426 大卡(每100克),http://www.boohee.com/shiwu/yingeryingyangfen
"其它
  ",美国纤雅奇异子,热量：536 大卡(每100克),http://www.boohee.com/shiwu/meiguoxianyaqiyizi
"其它
  ",婴儿奶糕,热量：345 大卡(每100克),http://www.boohee.com/shiwu/yingernaigao
"其它
  ",薄荷(干),热量：271 大卡(每100克),http://www.boohee.com/shiwu/baohe_gan
"其它
  ",美国GBN进口蛋白质粉,热量：407 大卡(每100克),http://www.boohee.com/shiwu/meiguoGBNjinkoudanbaizhifen
"其它
  ",花粉（油松）,热量：398 大卡(每100克),http://www.boohee.com/shiwu/huafen_yousong
"其它
  ",阿拉斯加 康力士乳清蛋白粉（香草味）,热量：395 大卡(每100克),http://www.boohee.com/shiwu/alasijiakanglishiruqingdanbaifen_xiangcaowei
"其它
  ",菊花（干）,热量：242 大卡(每100克),http://www.boohee.com/shiwu/juhua
"其它
  ",花粉（荞麦）,热量：353 大卡(每100克),http://www.boohee.com/shiwu/huafen_qiaomai
"其它
  ",纽崔莱 果蔬纤维素嚼片,热量：488 大卡(每100克),http://www.boohee.com/shiwu/niucuilaiguoshuxianweisujiaopian
"其它
  ",阿拉斯加 康力士玫瑰果提取物复合片,热量：402 大卡(每100克),http://www.boohee.com/shiwu/alasijiakanglishimeiguiguotiquwufuhepian
"其它
  ",蚕蛹,热量：230 大卡(每100克),http://www.boohee.com/shiwu/canyong
"其它
  ",金日 高营养蛋白质粉,热量：197 大卡(每100克),http://www.boohee.com/shiwu/jinripaigaoyingyangdanbaizhifen
"其它
  ",米粉（雀巢 ）,热量：376 大卡(每100克),http://www.boohee.com/shiwu/mifen_quechao
"其它
  ",仙人掌果,热量：25 大卡(每100克),http://www.boohee.com/shiwu/xianrenzhangguo
"其它
  ",紫苏,热量：295 大卡(每100克),http://www.boohee.com/shiwu/zisu
"其它
  ",车前子(鲜),热量：73 大卡(每100克),http://www.boohee.com/shiwu/cheqianzi_xian
"其它
  ",砂仁,热量：265 大卡(每100克),http://www.boohee.com/shiwu/sharen
"其它
  ",藿香叶(鲜),热量：89 大卡(每100克),http://www.boohee.com/shiwu/hexiangye_xian
"其它
  ",蜂蛹（油蜂）,热量：669 大卡(每100克),http://www.boohee.com/shiwu/fengyong_youfeng
"其它
  ",仙人掌（食用）,热量：15 大卡(每100克),http://www.boohee.com/shiwu/xianrenzhang_shiyong
"其它
  ",丁香,热量：359 大卡(每100克),http://www.boohee.com/shiwu/dingxiang
"其它
  ",虎杖(鲜),热量：5 大卡(每100克),http://www.boohee.com/shiwu/huzhang_xian
"其它
  ",莱菔子,热量：352 大卡(每100克),http://www.boohee.com/shiwu/laifuzi
"其它
  ",决明(鲜),热量：1 大卡(每100克),http://www.boohee.com/shiwu/jueming_xian
"其它
  ",建昌明列子,热量：440 大卡(每100克),http://www.boohee.com/shiwu/jianchangmingliezi
"其它
  ",蝎子,热量：177 大卡(每100克),http://www.boohee.com/shiwu/xiezi
"其它
  ",米粉（胡萝卜，雀巢 ）,热量：374 大卡(每100克),http://www.boohee.com/shiwu/mifen_huluobo_quechao
"其它
  ",米粉（番茄，亨氏）,热量：391 大卡(每100克),http://www.boohee.com/shiwu/mifen_fanqie_hengshi
"其它
  ",汤臣倍健蛋白混合饮料,热量：414 大卡(每100克),http://www.boohee.com/shiwu/tangchenbeijiandanbaihunheyinliao
"其它
  ",钙质糕粉,热量：367 大卡(每100克),http://www.boohee.com/shiwu/gaizhigaofen
"其它
  ",米粉（蔬菜，雀巢）,热量：394 大卡(每100克),http://www.boohee.com/shiwu/mifen_shucai_quechao
"其它
  ",高良姜,热量：255 大卡(每100克),http://www.boohee.com/shiwu/gaoliangjiang
"其它
  ",米粉（苹果，雀巢 ）,热量：374 大卡(每100克),http://www.boohee.com/shiwu/mifen_pingguo_quechao
"其它
  ",花椒叶（干）,热量：236 大卡(每100克),http://www.boohee.com/shiwu/huajiaoye_gan
"其它
  ",健儿粉,热量：369 大卡(每100克),http://www.boohee.com/shiwu/jianerfen
"其它
  ",阿拉斯加 康力士谷物提取物复合片（B族维生素）,热量：406 大卡(每100克),http://www.boohee.com/shiwu/alasijiakanglishiguwutiquwufuhepian
"其它
  ",红花,热量：220 大卡(每100克),http://www.boohee.com/shiwu/honghua
"其它
  ",阿拉斯加 康力士小麦胚芽油软胶囊,热量：588 大卡(每100克),http://www.boohee.com/shiwu/alasijiakanglishixiaomaipeiyayouruanjiaonang
"其它
  ",莲子健儿粉,热量：352 大卡(每100克),http://www.boohee.com/shiwu/lianzijianerfen
"其它
  ",蜂蛹,热量：100 大卡(每100克),http://www.boohee.com/shiwu/fengyong
"其它
  ",木榧,热量：539 大卡(每100克),http://www.boohee.com/shiwu/mufei
"其它
  ",优莎娜纤维素（杏仁口味）,热量：303 大卡(每100克),http://www.boohee.com/shiwu/youshanaxianweisu_xingrenkouwei
"其它
  ",蜂蛹（大黄蜂）,热量：109 大卡(每100克),http://www.boohee.com/shiwu/fengyong_dahuangfeng
"其它
  ",藿香,热量：264 大卡(每100克),http://www.boohee.com/shiwu/hexiang
"其它
  ",李子园 草莓牛奶,热量：34 大卡(每100克),http://www.boohee.com/shiwu/fd9d2939
"其它
  ",维维 无添加蔗糖豆奶粉,热量：434 大卡(每100克),http://www.boohee.com/shiwu/fdb387b0
"其它
  ",天美健 大豆肽蛋白粉,热量：280 大卡(每100克),http://www.boohee.com/shiwu/fd4579f7
"其它
  ",闽贵海蜇丝,热量：8 大卡(每100克),http://www.boohee.com/shiwu/minguihaizhesi
"其它
  ",欧普特蒙 白金蛋白粉,热量：359 大卡(每100克),http://www.boohee.com/shiwu/fd99548b
"其它
  ",采森 葡萄糖酸锌口服液,热量：0 大卡(每100毫升),http://www.boohee.com/shiwu/fded2dae
"其它
  ",嘉康利 大豆蛋白质粉(香草口味),热量：380 大卡(每100克),http://www.boohee.com/shiwu/jiakanglidadoudanbaizhifen_xia
"其它
  ",禧贝 胡萝卜泥,热量：38 大卡(每100克),http://www.boohee.com/shiwu/fd29e499
"其它
  ",自然之家 维生素C泡腾片 （甜橙味）,热量：301 大卡(每100克),http://www.boohee.com/shiwu/fd2ec127
"其它
  ",优信 牛乳钙咀嚼片,热量：410 大卡(每100克),http://www.boohee.com/shiwu/fd756a4a
"其它
  ",美国克尔 啤酒酵母营养片,热量：170 大卡(每100克),http://www.boohee.com/shiwu/fd4569bf
"其它
  ",汤臣倍健 多种维生素矿物质片（女士型）,热量：0 大卡(每100克),http://www.boohee.com/shiwu/fda787c5
"其它
  ",斯俪魅替餐棒（草莓白巧克力味）,热量：369 大卡(每100克),http://www.boohee.com/shiwu/silimeiticanbang_caomeibaiqiao
"其它
  ",Rafferty's Garden 巧克力蛋奶冻,热量：101 大卡(每100克),http://www.boohee.com/shiwu/fd49bc06
"其它
  ",新食力 有机速食面（胡萝卜口味）,热量：372 大卡(每100克),http://www.boohee.com/shiwu/xinshilihiyoujisushimian_huluo
"其它
  ",雅培金装喜康宝星婴儿配方奶粉智护100,热量：503 大卡(每100克),http://www.boohee.com/shiwu/yapeijinzhuangxikangbaoxingyin
"其它
  ",科力福 秋梨膏,热量：131 大卡(每100克),http://www.boohee.com/shiwu/fd64a10f
"其它
  ",港铧 泡椒臭干子,热量：409 大卡(每100克),http://www.boohee.com/shiwu/fd6bffd6
"其它
  ",嘉力缘 黑豆醋参片【清畅】,热量：388 大卡(每100克),http://www.boohee.com/shiwu/fdf15db6
"菜肴
  ",蒜味烧茄子,热量：60 大卡(每100克),http://www.boohee.com/shiwu/suanweishaoqiezi
"菜肴
  ",红烧大排,热量：248 大卡(每100克),http://www.boohee.com/shiwu/hongshaodapai
"菜肴
  ",杂粮煎饼,热量：266 大卡(每100克),http://www.boohee.com/shiwu/zaliangjianbing
"菜肴
  ",玉米小米粥,热量：47 大卡(每100毫升),http://www.boohee.com/shiwu/yumitangxiaomizhou
"菜肴
  ",肉松面包,热量：326 大卡(每100克),http://www.boohee.com/shiwu/rousongmianbao
"菜肴
  ",豆沙包,热量：319 大卡(每100克),http://www.boohee.com/shiwu/doushabao
"菜肴
  ",麻酱拌黄瓜,热量：51 大卡(每100克),http://www.boohee.com/shiwu/majiangbanhuanggua
"菜肴
  ",凉拌黄瓜,热量：46 大卡(每100克),http://www.boohee.com/shiwu/qingbanhuanggua
"菜肴
  ",红烧带鱼,热量：170 大卡(每100克),http://www.boohee.com/shiwu/hongshaodaiyu
"菜肴
  ",虾仁冬瓜丝,热量：45 大卡(每100克),http://www.boohee.com/shiwu/xiapidongguasi
"菜肴
  ",牛肉面,热量：127 大卡(每100克),http://www.boohee.com/shiwu/niuroumian
"菜肴
  ",炒上海青,热量：53 大卡(每100克),http://www.boohee.com/shiwu/chaoqingcai
"菜肴
  ",番茄炒蛋,热量：85 大卡(每100克),http://www.boohee.com/shiwu/fanqiechaodan
"菜肴
  ",吐司,热量：278 大卡(每100克),http://www.boohee.com/shiwu/zizhitusi
"菜肴
  ",鸡蛋羹,热量：62 大卡(每100克),http://www.boohee.com/shiwu/qingzhengjidangeng
"菜肴
  ",绿豆汤,热量：46 大卡(每100克),http://www.boohee.com/shiwu/lvdoutang
"菜肴
  ",素炒小白菜,热量：46 大卡(每100克),http://www.boohee.com/shiwu/suchaoxiaobaicai
"菜肴
  ",烧茄子,热量：74 大卡(每100克),http://www.boohee.com/shiwu/shaoqiezi
"菜肴
  ",绿豆粥,热量：48 大卡(每100毫升),http://www.boohee.com/shiwu/lvdouzhou
"菜肴
  ",菜包子,热量：160 大卡(每100克),http://www.boohee.com/shiwu/xiangguqingcaibaozi
"菜肴
  ",蛋炒饭,热量：143 大卡(每100克),http://www.boohee.com/shiwu/danchaofan
"菜肴
  ",红烧鳓鱼,热量：216 大卡(每100克),http://www.boohee.com/shiwu/hongshaoyu
"菜肴
  ",盐水虾,热量：92 大卡(每100克),http://www.boohee.com/shiwu/yanshuixia
"菜肴
  ",清炒绿豆芽,热量：44 大卡(每100克),http://www.boohee.com/shiwu/chaolvdouya
"菜肴
  ",葱油饼,热量：259 大卡(每100克),http://www.boohee.com/shiwu/congyoubing
"菜肴
  ",清炒西葫芦,热量：47 大卡(每100克),http://www.boohee.com/shiwu/qingchaoxihulu
"菜肴
  ",西红柿鸡蛋面,热量：98 大卡(每100克),http://www.boohee.com/shiwu/xihongshijidanmian
"菜肴
  ",酸辣土豆丝,热量：122 大卡(每100克),http://www.boohee.com/shiwu/suanlatudousi
"菜肴
  ",红烧肉,热量：522 大卡(每100克),http://www.boohee.com/shiwu/hongshaorou
"菜肴
  ",韭菜包子,热量：171 大卡(每100克),http://www.boohee.com/shiwu/jiucaibaozi
"菜肴
  ",卤蛋,热量：148 大卡(每100克),http://www.boohee.com/shiwu/lujidan
"菜肴
  ",清炒土豆丝,热量：95 大卡(每100克),http://www.boohee.com/shiwu/qingchaotudousi
"菜肴
  ",清爽西兰花,热量：63 大卡(每100克),http://www.boohee.com/shiwu/qingshuangxilanhua
"菜肴
  ",烧麦,热量：220 大卡(每100克),http://www.boohee.com/shiwu/shaomai
"菜肴
  ",炒大白菜,热量：53 大卡(每100克),http://www.boohee.com/shiwu/chaodabaicai
"菜肴
  ",西红柿鸡蛋汤,热量：32 大卡(每100克),http://www.boohee.com/shiwu/xihongshijidantang
"菜肴
  ",大饼,热量：215 大卡(每100克),http://www.boohee.com/shiwu/dabing
"菜肴
  ",清蒸鱼,热量：105 大卡(每100克),http://www.boohee.com/shiwu/qingzhengyu
"菜肴
  ",酸菜鱼,热量：98 大卡(每100克),http://www.boohee.com/shiwu/suancaiyu
"菜肴
  ",寿司 自制1,热量：141 大卡(每100克),http://www.boohee.com/shiwu/shousijuanhihifebruaryzizhi
"菜肴
  ",麻婆豆腐,热量：126 大卡(每100克),http://www.boohee.com/shiwu/mapodoufu
"菜肴
  ",烧包菜丝,热量：48 大卡(每100克),http://www.boohee.com/shiwu/shaobaocaisi
"菜肴
  ",酸辣粉,热量：98 大卡(每100克),http://www.boohee.com/shiwu/suanlafen
"菜肴
  ",青椒炒鸡蛋,热量：105 大卡(每100克),http://www.boohee.com/shiwu/qingjiaochaojidan
"菜肴
  ",清炒芹菜,热量：44 大卡(每100克),http://www.boohee.com/shiwu/suchaoqincai
"菜肴
  ",粽子,热量：195 大卡(每100克),http://www.boohee.com/shiwu/zizhizongzi
"菜肴
  ",椒油拌海带,热量：68 大卡(每100克),http://www.boohee.com/shiwu/jiaoyoubanhaidai
"菜肴
  ",烙玉米饼,热量：150 大卡(每100克),http://www.boohee.com/shiwu/laoyumibing
"菜肴
  ",蔬菜沙拉,热量：40 大卡(每100克),http://www.boohee.com/shiwu/shucaishala
"菜肴
  ",清炒卷心菜,热量：44 大卡(每100克),http://www.boohee.com/shiwu/qingchaojuanxincai
"菜肴
  ",土豆烧肉,热量：173 大卡(每100克),http://www.boohee.com/shiwu/tudoushaorou
"菜肴
  ",清炒苦瓜,热量：39 大卡(每100克),http://www.boohee.com/shiwu/lajiaochaokugua
"菜肴
  ",炸花生米,热量：588 大卡(每100克),http://www.boohee.com/shiwu/zhahuashengmi
"菜肴
  ",洋白菜包子,热量：155 大卡(每100克),http://www.boohee.com/shiwu/yangbaicaibaozi
"菜肴
  ",寿司 自制2,热量：105 大卡(每100克),http://www.boohee.com/shiwu/shousi
"菜肴
  ",鱼香茄子,热量：81 大卡(每100克),http://www.boohee.com/shiwu/yuxiangqiezi
"菜肴
  ",核桃酥,热量：369 大卡(每100克),http://www.boohee.com/shiwu/hetaosu
"菜肴
  ",无糖银耳汤,热量：10 大卡(每100克),http://www.boohee.com/shiwu/wutangyinertang
"菜肴
  ",蒜拌绿豆芽,热量：39 大卡(每100克),http://www.boohee.com/shiwu/suanbanlvdouya
"菜肴
  ",凉拌海带丝,热量：56 大卡(每100克),http://www.boohee.com/shiwu/liangbanhaidaisi
"菜肴
  ",泡椒凤爪,热量：193 大卡(每100克),http://www.boohee.com/shiwu/paojiaofengzhua
"菜肴
  ",烤鸡翅,热量：204 大卡(每100克),http://www.boohee.com/shiwu/kaojichi
"菜肴
  ",青椒炒花菜,热量：62 大卡(每100克),http://www.boohee.com/shiwu/qingjiaochaohuacai
"菜肴
  ",无糖豆浆,热量：30 大卡(每100克),http://www.boohee.com/shiwu/zizhidoujiang_wutang
"菜肴
  ",赤豆粽子,热量：184 大卡(每100克),http://www.boohee.com/shiwu/chidouzongzi
"菜肴
  ",红烧鲫鱼,热量：122 大卡(每100克),http://www.boohee.com/shiwu/hongshaojiyu
"菜肴
  ",荞麦馒头,热量：218 大卡(每100克),http://www.boohee.com/shiwu/zizhiqiaomaimantou
"菜肴
  ",红豆包,热量：224 大卡(每100克),http://www.boohee.com/shiwu/hongdoubao
"菜肴
  ",水煮鱼片,热量：122 大卡(每100克),http://www.boohee.com/shiwu/shuizhuyupian
"菜肴
  ",水煮花生米,热量：402 大卡(每100克),http://www.boohee.com/shiwu/shuizhuhuashengmi
"菜肴
  ",菜煎饼,热量：151 大卡(每100克),http://www.boohee.com/shiwu/caijianbing
"菜肴
  ",炒胡萝卜片,热量：61 大卡(每100克),http://www.boohee.com/shiwu/chaohuluobopian
"菜肴
  ",清炒油麦菜,热量：45 大卡(每100克),http://www.boohee.com/shiwu/qingchaoyoumaicai
"菜肴
  ",红烧豆腐,热量：103 大卡(每100克),http://www.boohee.com/shiwu/hongshaodoufu
"菜肴
  ",红烧茄子,热量：61 大卡(每100克),http://www.boohee.com/shiwu/hongshaoqiezi
"菜肴
  ",蒜蓉海带,热量：51 大卡(每100克),http://www.boohee.com/shiwu/suanronghaidai
"菜肴
  ",烧花菜,热量：70 大卡(每100克),http://www.boohee.com/shiwu/shaohuacai
"菜肴
  ",黄瓜炒蛋,热量：51 大卡(每100克),http://www.boohee.com/shiwu/huangguachaodan
"菜肴
  ",清蒸蛋羹,热量：61 大卡(每100克),http://www.boohee.com/shiwu/qingzhengdangeng
"菜肴
  ",炒豇豆,热量：41 大卡(每100克),http://www.boohee.com/shiwu/chaojiangdou
"菜肴
  ",咖喱鸡块土豆,热量：102 大卡(每100克),http://www.boohee.com/shiwu/kalijikuaitudou
"菜肴
  ",素炒菜花,热量：58 大卡(每100克),http://www.boohee.com/shiwu/suchaocaihua
"菜肴
  ",花菜炒肉,热量：62 大卡(每100克),http://www.boohee.com/shiwu/roupianchaocaihua
"菜肴
  ",韭菜炒蛋,热量：94 大卡(每100克),http://www.boohee.com/shiwu/jiucaichaojidan2
"菜肴
  ",茶叶蛋,热量：152 大卡(每100克),http://www.boohee.com/shiwu/wuxiangchadan
"菜肴
  ",丝瓜炒蛋,热量：107 大卡(每100克),http://www.boohee.com/shiwu/siguachaodan
"菜肴
  ",肉丝茭白,热量：90 大卡(每100克),http://www.boohee.com/shiwu/rousijiaobai
"菜肴
  ",鲜虾肠粉,热量：128 大卡(每100克),http://www.boohee.com/shiwu/xiarenzhengchangfen
"菜肴
  ",肉片炒青椒,热量：93 大卡(每100克),http://www.boohee.com/shiwu/roupianchaoqingjiao
"菜肴
  ",五香鸭肉,热量：262 大卡(每100克),http://www.boohee.com/shiwu/wuxiangyarou
"菜肴
  ",珍珠奶茶,热量：52 大卡(每100克),http://www.boohee.com/shiwu/zhenzhunaicha
"菜肴
  ",红烧鸡块,热量：224 大卡(每100克),http://www.boohee.com/shiwu/hongshaojikuai
"菜肴
  ",红卤鸡爪,热量：236 大卡(每100克),http://www.boohee.com/shiwu/honglujizhua
"菜肴
  ",扬州炒饭,热量：146 大卡(每100克),http://www.boohee.com/shiwu/yangzhoudanchaofan
"菜肴
  ",蛋挞,热量：375 大卡(每100克),http://www.boohee.com/shiwu/danta
"菜肴
  ",炒土豆丝,热量：115 大卡(每100克),http://www.boohee.com/shiwu/chaotudousi
"菜肴
  ",牛肉包子,热量：216 大卡(每100克),http://www.boohee.com/shiwu/niuroubaozi
"菜肴
  ",炒面/炒粉,热量：194 大卡(每100克),http://www.boohee.com/shiwu/chaomian2
"菜肴
  ",韭菜炒绿豆芽,热量：41 大卡(每100克),http://www.boohee.com/shiwu/jiucaichaolvdouya
"菜肴
  ",千层饼,热量：269 大卡(每100克),http://www.boohee.com/shiwu/qiancengbing
